1	chr1
CM000663.2	chr1
NC_000001.11	chr1
2	chr2
CM000664.2	chr2
NC_000002.12	chr2
3	chr3
CM000665.2	chr3
NC_000003.12	chr3
4	chr4
CM000666.2	chr4
NC_000004.12	chr4
5	chr5
CM000667.2	chr5
NC_000005.10	chr5
6	chr6
CM000668.2	chr6
NC_000006.12	chr6
7	chr7
CM000669.2	chr7
NC_000007.14	chr7
8	chr8
CM000670.2	chr8
NC_000008.11	chr8
9	chr9
CM000671.2	chr9
NC_000009.12	chr9
10	chr10
CM000672.2	chr10
NC_000010.11	chr10
11	chr11
CM000673.2	chr11
NC_000011.10	chr11
12	chr12
CM000674.2	chr12
NC_000012.12	chr12
13	chr13
CM000675.2	chr13
NC_000013.11	chr13
14	chr14
CM000676.2	chr14
NC_000014.9	chr14
15	chr15
CM000677.2	chr15
NC_000015.10	chr15
16	chr16
CM000678.2	chr16
NC_000016.10	chr16
17	chr17
CM000679.2	chr17
NC_000017.11	chr17
18	chr18
CM000680.2	chr18
NC_000018.10	chr18
19	chr19
CM000681.2	chr19
NC_000019.10	chr19
20	chr20
CM000682.2	chr20
NC_000020.11	chr20
21	chr21
CM000683.2	chr21
NC_000021.9	chr21
22	chr22
CM000684.2	chr22
NC_000022.11	chr22
CM000685.2	chrX
NC_000023.11	chrX
X	chrX
CM000686.2	chrY
NC_000024.10	chrY
Y	chrY
J01415.2	chrM
MT	chrM
NC_012920.1	chrM
GL383518.1	chr1_GL383518v1_alt
HSCHR1_1_CTG31	chr1_GL383518v1_alt
NW_003315905.1	chr1_GL383518v1_alt
GL383519.1	chr1_GL383519v1_alt
HSCHR1_2_CTG31	chr1_GL383519v1_alt
NW_003315906.1	chr1_GL383519v1_alt
GL383520.2	chr1_GL383520v2_alt
HSCHR1_3_CTG31	chr1_GL383520v2_alt
NW_003315907.2	chr1_GL383520v2_alt
HSCHR1_1_CTG32_1	chr1_KI270759v1_alt
KI270759.1	chr1_KI270759v1_alt
NT_187516.1	chr1_KI270759v1_alt
HSCHR1_1_CTG11	chr1_KI270760v1_alt
KI270760.1	chr1_KI270760v1_alt
NT_187514.1	chr1_KI270760v1_alt
HSCHR1_2_CTG32_1	chr1_KI270761v1_alt
KI270761.1	chr1_KI270761v1_alt
NT_187518.1	chr1_KI270761v1_alt
HSCHR1_1_CTG3	chr1_KI270762v1_alt
KI270762.1	chr1_KI270762v1_alt
NT_187515.1	chr1_KI270762v1_alt
HSCHR1_3_CTG32_1	chr1_KI270763v1_alt
KI270763.1	chr1_KI270763v1_alt
NT_187519.1	chr1_KI270763v1_alt
HSCHR1_4_CTG32_1	chr1_KI270764v1_alt
KI270764.1	chr1_KI270764v1_alt
NT_187521.1	chr1_KI270764v1_alt
HSCHR1_4_CTG31	chr1_KI270765v1_alt
KI270765.1	chr1_KI270765v1_alt
NT_187520.1	chr1_KI270765v1_alt
HSCHR1_2_CTG3	chr1_KI270766v1_alt
KI270766.1	chr1_KI270766v1_alt
NT_187517.1	chr1_KI270766v1_alt
HSCHR1_ALT2_1_CTG32_1	chr1_KI270892v1_alt
KI270892.1	chr1_KI270892v1_alt
NT_187646.1	chr1_KI270892v1_alt
HG986_PATCH	chr1_KN196472v1_fix
KN196472.1	chr1_KN196472v1_fix
NW_009646194.1	chr1_KN196472v1_fix
HG2058_PATCH	chr1_KN196473v1_fix
KN196473.1	chr1_KN196473v1_fix
NW_009646195.1	chr1_KN196473v1_fix
HG2104_PATCH	chr1_KN196474v1_fix
KN196474.1	chr1_KN196474v1_fix
NW_009646196.1	chr1_KN196474v1_fix
HG1832_PATCH	chr1_KN538360v1_fix
KN538360.1	chr1_KN538360v1_fix
NW_011332687.1	chr1_KN538360v1_fix
HG2095_PATCH	chr1_KN538361v1_fix
KN538361.1	chr1_KN538361v1_fix
NW_011332688.1	chr1_KN538361v1_fix
HG1342_HG2282_PATCH	chr1_KQ031383v1_fix
KQ031383.1	chr1_KQ031383v1_fix
NW_012132914.1	chr1_KQ031383v1_fix
HSCHR1_3_CTG3	chr1_KQ458382v1_alt
KQ458382.1	chr1_KQ458382v1_alt
NW_014040925.1	chr1_KQ458382v1_alt
HSCHR1_4_CTG3	chr1_KQ458383v1_alt
KQ458383.1	chr1_KQ458383v1_alt
NW_014040926.1	chr1_KQ458383v1_alt
HSCHR1_5_CTG32_1	chr1_KQ458384v1_alt
KQ458384.1	chr1_KQ458384v1_alt
NW_014040927.1	chr1_KQ458384v1_alt
HSCHR1_5_CTG3	chr1_KQ983255v1_alt
KQ983255.1	chr1_KQ983255v1_alt
NW_015495298.1	chr1_KQ983255v1_alt
HSCHR1_6_CTG3	chr1_KV880763v1_alt
KV880763.1	chr1_KV880763v1_alt
NW_017852928.1	chr1_KV880763v1_alt
HSCHR1_8_CTG3	chr1_KZ208904v1_alt
KZ208904.1	chr1_KZ208904v1_alt
NW_018654706.1	chr1_KZ208904v1_alt
HSCHR1_9_CTG3	chr1_KZ208905v1_alt
KZ208905.1	chr1_KZ208905v1_alt
NW_018654707.1	chr1_KZ208905v1_alt
HG2002_PATCH	chr1_KZ208906v1_fix
KZ208906.1	chr1_KZ208906v1_fix
NW_018654708.1	chr1_KZ208906v1_fix
HG460_PATCH	chr1_KZ559100v1_fix
KZ559100.1	chr1_KZ559100v1_fix
NW_019805487.1	chr1_KZ559100v1_fix
HSCHR1_12_CTG3	chr1_MU273330v1_alt
MU273330.1	chr1_MU273330v1_alt
NW_025791753.1	chr1_MU273330v1_alt
HSCHR1_5_CTG31	chr1_MU273331v1_alt
MU273331.1	chr1_MU273331v1_alt
NW_025791754.1	chr1_MU273331v1_alt
HSCHR1_6_CTG31	chr1_MU273332v1_alt
MU273332.1	chr1_MU273332v1_alt
NW_025791755.1	chr1_MU273332v1_alt
HG1343_HG173_HG459_PATCH	chr1_MU273333v1_fix
MU273333.1	chr1_MU273333v1_fix
NW_025791756.1	chr1_MU273333v1_fix
HG2571_PATCH	chr1_MU273334v1_fix
MU273334.1	chr1_MU273334v1_fix
NW_025791757.1	chr1_MU273334v1_fix
HG2515_PATCH	chr1_MU273335v1_fix
MU273335.1	chr1_MU273335v1_fix
NW_025791758.1	chr1_MU273335v1_fix
HG2577_PATCH	chr1_MU273336v1_fix
MU273336.1	chr1_MU273336v1_fix
NW_025791759.1	chr1_MU273336v1_fix
HSCHR1_CTG1_UNLOCALIZED	chr1_KI270706v1_random
KI270706.1	chr1_KI270706v1_random
NT_187361.1	chr1_KI270706v1_random
HSCHR1_CTG2_UNLOCALIZED	chr1_KI270707v1_random
KI270707.1	chr1_KI270707v1_random
NT_187362.1	chr1_KI270707v1_random
HSCHR1_CTG3_UNLOCALIZED	chr1_KI270708v1_random
KI270708.1	chr1_KI270708v1_random
NT_187363.1	chr1_KI270708v1_random
HSCHR1_CTG4_UNLOCALIZED	chr1_KI270709v1_random
KI270709.1	chr1_KI270709v1_random
NT_187364.1	chr1_KI270709v1_random
HSCHR1_CTG5_UNLOCALIZED	chr1_KI270710v1_random
KI270710.1	chr1_KI270710v1_random
NT_187365.1	chr1_KI270710v1_random
HSCHR1_CTG6_UNLOCALIZED	chr1_KI270711v1_random
KI270711.1	chr1_KI270711v1_random
NT_187366.1	chr1_KI270711v1_random
HSCHR1_CTG7_UNLOCALIZED	chr1_KI270712v1_random
KI270712.1	chr1_KI270712v1_random
NT_187367.1	chr1_KI270712v1_random
HSCHR1_CTG8_UNLOCALIZED	chr1_KI270713v1_random
KI270713.1	chr1_KI270713v1_random
NT_187368.1	chr1_KI270713v1_random
HSCHR1_CTG9_UNLOCALIZED	chr1_KI270714v1_random
KI270714.1	chr1_KI270714v1_random
NT_187369.1	chr1_KI270714v1_random
GL383521.1	chr2_GL383521v1_alt
HSCHR2_1_CTG5	chr2_GL383521v1_alt
NW_003315908.1	chr2_GL383521v1_alt
GL383522.1	chr2_GL383522v1_alt
HSCHR2_1_CTG7_2	chr2_GL383522v1_alt
NW_003315909.1	chr2_GL383522v1_alt
GL582966.2	chr2_GL582966v2_alt
HSCHR2_2_CTG7_2	chr2_GL582966v2_alt
NW_003571033.2	chr2_GL582966v2_alt
HSCHR2_1_CTG15	chr2_KI270767v1_alt
KI270767.1	chr2_KI270767v1_alt
NT_187523.1	chr2_KI270767v1_alt
HSCHR2_3_CTG7_2	chr2_KI270768v1_alt
KI270768.1	chr2_KI270768v1_alt
NT_187528.1	chr2_KI270768v1_alt
HSCHR2_1_CTG1	chr2_KI270769v1_alt
KI270769.1	chr2_KI270769v1_alt
NT_187522.1	chr2_KI270769v1_alt
HSCHR2_2_CTG1	chr2_KI270770v1_alt
KI270770.1	chr2_KI270770v1_alt
NT_187525.1	chr2_KI270770v1_alt
HSCHR2_4_CTG7_2	chr2_KI270771v1_alt
KI270771.1	chr2_KI270771v1_alt
NT_187530.1	chr2_KI270771v1_alt
HSCHR2_1_CTG7	chr2_KI270772v1_alt
KI270772.1	chr2_KI270772v1_alt
NT_187524.1	chr2_KI270772v1_alt
HSCHR2_3_CTG1	chr2_KI270773v1_alt
KI270773.1	chr2_KI270773v1_alt
NT_187526.1	chr2_KI270773v1_alt
HSCHR2_4_CTG1	chr2_KI270774v1_alt
KI270774.1	chr2_KI270774v1_alt
NT_187529.1	chr2_KI270774v1_alt
HSCHR2_5_CTG7_2	chr2_KI270775v1_alt
KI270775.1	chr2_KI270775v1_alt
NT_187531.1	chr2_KI270775v1_alt
HSCHR2_3_CTG15	chr2_KI270776v1_alt
KI270776.1	chr2_KI270776v1_alt
NT_187527.1	chr2_KI270776v1_alt
HSCHR2_2_CTG15	chr2_KI270893v1_alt
KI270893.1	chr2_KI270893v1_alt
NT_187647.1	chr2_KI270893v1_alt
HSCHR2_2_CTG7	chr2_KI270894v1_alt
KI270894.1	chr2_KI270894v1_alt
NT_187648.1	chr2_KI270894v1_alt
HG2233_PATCH	chr2_KN538362v1_fix
KN538362.1	chr2_KN538362v1_fix
NW_011332689.1	chr2_KN538362v1_fix
HG2232_PATCH	chr2_KN538363v1_fix
KN538363.1	chr2_KN538363v1_fix
NW_011332690.1	chr2_KN538363v1_fix
HG2290_PATCH	chr2_KQ031384v1_fix
KQ031384.1	chr2_KQ031384v1_fix
NW_012132915.1	chr2_KQ031384v1_fix
HSCHR2_6_CTG7_2	chr2_KQ983256v1_alt
KQ983256.1	chr2_KQ983256v1_alt
NW_015495299.1	chr2_KQ983256v1_alt
HSCHR2_7_CTG7_2	chr2_KZ208907v1_alt
KZ208907.1	chr2_KZ208907v1_alt
NW_018654709.1	chr2_KZ208907v1_alt
HSCHR2_8_CTG7_2	chr2_KZ208908v1_alt
KZ208908.1	chr2_KZ208908v1_alt
NW_018654710.1	chr2_KZ208908v1_alt
HG721_PATCH	chr2_ML143341v1_fix
ML143341.1	chr2_ML143341v1_fix
NW_021159987.1	chr2_ML143341v1_fix
HG1384_PATCH	chr2_ML143342v1_fix
ML143342.1	chr2_ML143342v1_fix
NW_021159988.1	chr2_ML143342v1_fix
HSCHR2_10_CTG7_2	chr2_MU273337v1_alt
MU273337.1	chr2_MU273337v1_alt
NW_025791760.1	chr2_MU273337v1_alt
HSCHR2_11_CTG7_2	chr2_MU273338v1_alt
MU273338.1	chr2_MU273338v1_alt
NW_025791761.1	chr2_MU273338v1_alt
HSCHR2_12_CTG7_2	chr2_MU273339v1_alt
MU273339.1	chr2_MU273339v1_alt
NW_025791762.1	chr2_MU273339v1_alt
HSCHR2_6_CTG1	chr2_MU273340v1_alt
MU273340.1	chr2_MU273340v1_alt
NW_025791763.1	chr2_MU273340v1_alt
HG2494_PATCH	chr2_MU273341v1_fix
MU273341.1	chr2_MU273341v1_fix
NW_025791764.1	chr2_MU273341v1_fix
HG2275_PATCH	chr2_MU273342v1_fix
MU273342.1	chr2_MU273342v1_fix
NW_025791765.1	chr2_MU273342v1_fix
HG2052_PATCH	chr2_MU273343v1_fix
MU273343.1	chr2_MU273343v1_fix
NW_025791766.1	chr2_MU273343v1_fix
HG2231_HG2496_PATCH	chr2_MU273344v1_fix
MU273344.1	chr2_MU273344v1_fix
NW_025791767.1	chr2_MU273344v1_fix
HG2140_PATCH	chr2_MU273345v1_fix
MU273345.1	chr2_MU273345v1_fix
NW_025791768.1	chr2_MU273345v1_fix
HSCHR2_RANDOM_CTG1	chr2_KI270715v1_random
KI270715.1	chr2_KI270715v1_random
NT_187370.1	chr2_KI270715v1_random
HSCHR2_RANDOM_CTG2	chr2_KI270716v1_random
KI270716.1	chr2_KI270716v1_random
NT_187371.1	chr2_KI270716v1_random
GL383526.1	chr3_GL383526v1_alt
HSCHR3_1_CTG2_1	chr3_GL383526v1_alt
NW_003315913.1	chr3_GL383526v1_alt
HSCHR3_1_CTG1	chr3_JH636055v2_alt
JH636055.2	chr3_JH636055v2_alt
NW_003871060.2	chr3_JH636055v2_alt
HSCHR3_2_CTG2_1	chr3_KI270777v1_alt
KI270777.1	chr3_KI270777v1_alt
NT_187533.1	chr3_KI270777v1_alt
HSCHR3_3_CTG2_1	chr3_KI270778v1_alt
KI270778.1	chr3_KI270778v1_alt
NT_187536.1	chr3_KI270778v1_alt
HSCHR3_1_CTG3	chr3_KI270779v1_alt
KI270779.1	chr3_KI270779v1_alt
NT_187532.1	chr3_KI270779v1_alt
HSCHR3_4_CTG2_1	chr3_KI270780v1_alt
KI270780.1	chr3_KI270780v1_alt
NT_187537.1	chr3_KI270780v1_alt
HSCHR3_5_CTG2_1	chr3_KI270781v1_alt
KI270781.1	chr3_KI270781v1_alt
NT_187538.1	chr3_KI270781v1_alt
HSCHR3_2_CTG3	chr3_KI270782v1_alt
KI270782.1	chr3_KI270782v1_alt
NT_187534.1	chr3_KI270782v1_alt
HSCHR3_3_CTG1	chr3_KI270783v1_alt
KI270783.1	chr3_KI270783v1_alt
NT_187535.1	chr3_KI270783v1_alt
HSCHR3_9_CTG3	chr3_KI270784v1_alt
KI270784.1	chr3_KI270784v1_alt
NT_187539.1	chr3_KI270784v1_alt
HSCHR3_3_CTG3	chr3_KI270895v1_alt
KI270895.1	chr3_KI270895v1_alt
NT_187649.1	chr3_KI270895v1_alt
HSCHR3_4_CTG3	chr3_KI270924v1_alt
KI270924.1	chr3_KI270924v1_alt
NT_187678.1	chr3_KI270924v1_alt
HSCHR3_5_CTG3	chr3_KI270934v1_alt
KI270934.1	chr3_KI270934v1_alt
NT_187688.1	chr3_KI270934v1_alt
HSCHR3_6_CTG3	chr3_KI270935v1_alt
KI270935.1	chr3_KI270935v1_alt
NT_187689.1	chr3_KI270935v1_alt
HSCHR3_7_CTG3	chr3_KI270936v1_alt
KI270936.1	chr3_KI270936v1_alt
NT_187690.1	chr3_KI270936v1_alt
HSCHR3_8_CTG3	chr3_KI270937v1_alt
KI270937.1	chr3_KI270937v1_alt
NT_187691.1	chr3_KI270937v1_alt
HG2066_PATCH	chr3_KN196475v1_fix
KN196475.1	chr3_KN196475v1_fix
NW_009646197.1	chr3_KN196475v1_fix
HG2022_PATCH	chr3_KN196476v1_fix
KN196476.1	chr3_KN196476v1_fix
NW_009646198.1	chr3_KN196476v1_fix
HG126_PATCH	chr3_KN538364v1_fix
KN538364.1	chr3_KN538364v1_fix
NW_011332691.1	chr3_KN538364v1_fix
HG2235_PATCH	chr3_KQ031385v1_fix
KQ031385.1	chr3_KQ031385v1_fix
NW_012132916.1	chr3_KQ031385v1_fix
HG2237_PATCH	chr3_KQ031386v1_fix
KQ031386.1	chr3_KQ031386v1_fix
NW_012132917.1	chr3_KQ031386v1_fix
HG2236_PATCH	chr3_KV766192v1_fix
KV766192.1	chr3_KV766192v1_fix
NW_017363813.1	chr3_KV766192v1_fix
HSCHR3_4_CTG1	chr3_KZ208909v1_alt
KZ208909.1	chr3_KZ208909v1_alt
NW_018654711.1	chr3_KZ208909v1_alt
HSCHR3_7_CTG2_1	chr3_KZ559101v1_alt
KZ559101.1	chr3_KZ559101v1_alt
NW_019805488.1	chr3_KZ559101v1_alt
HSCHR3_8_CTG2_1	chr3_KZ559102v1_alt
KZ559102.1	chr3_KZ559102v1_alt
NW_019805489.1	chr3_KZ559102v1_alt
HSCHR3_9_CTG2_1	chr3_KZ559103v1_alt
KZ559103.1	chr3_KZ559103v1_alt
NW_019805490.1	chr3_KZ559103v1_alt
HG2133_PATCH	chr3_KZ559104v1_fix
KZ559104.1	chr3_KZ559104v1_fix
NW_019805491.1	chr3_KZ559104v1_fix
HSCHR3_6_CTG2_1	chr3_KZ559105v1_alt
KZ559105.1	chr3_KZ559105v1_alt
NW_019805492.1	chr3_KZ559105v1_alt
HSCHR3_5_CTG1	chr3_ML143343v1_alt
ML143343.1	chr3_ML143343v1_alt
NW_021159989.1	chr3_ML143343v1_alt
HG2264_PATCH	chr3_MU273346v1_fix
MU273346.1	chr3_MU273346v1_fix
NW_025791769.1	chr3_MU273346v1_fix
HG2077_PATCH	chr3_MU273347v1_fix
MU273347.1	chr3_MU273347v1_fix
NW_025791770.1	chr3_MU273347v1_fix
HG2069_PATCH	chr3_MU273348v1_fix
MU273348.1	chr3_MU273348v1_fix
NW_025791771.1	chr3_MU273348v1_fix
GL000221.1	chr3_GL000221v1_random
HSCHR3UN_CTG2	chr3_GL000221v1_random
NT_167215.1	chr3_GL000221v1_random
GL000257.2	chr4_GL000257v2_alt
HSCHR4_1_CTG9	chr4_GL000257v2_alt
NT_167250.2	chr4_GL000257v2_alt
GL383527.1	chr4_GL383527v1_alt
HSCHR4_1_CTG12	chr4_GL383527v1_alt
NW_003315914.1	chr4_GL383527v1_alt
GL383528.1	chr4_GL383528v1_alt
HSCHR4_1_CTG6	chr4_GL383528v1_alt
NW_003315915.1	chr4_GL383528v1_alt
HSCHR4_2_CTG12	chr4_KI270785v1_alt
KI270785.1	chr4_KI270785v1_alt
NT_187542.1	chr4_KI270785v1_alt
HSCHR4_3_CTG12	chr4_KI270786v1_alt
KI270786.1	chr4_KI270786v1_alt
NT_187543.1	chr4_KI270786v1_alt
HSCHR4_1_CTG8_1	chr4_KI270787v1_alt
KI270787.1	chr4_KI270787v1_alt
NT_187541.1	chr4_KI270787v1_alt
HSCHR4_4_CTG12	chr4_KI270788v1_alt
KI270788.1	chr4_KI270788v1_alt
NT_187544.1	chr4_KI270788v1_alt
HSCHR4_5_CTG12	chr4_KI270789v1_alt
KI270789.1	chr4_KI270789v1_alt
NT_187545.1	chr4_KI270789v1_alt
HSCHR4_1_CTG4	chr4_KI270790v1_alt
KI270790.1	chr4_KI270790v1_alt
NT_187540.1	chr4_KI270790v1_alt
HSCHR4_6_CTG12	chr4_KI270896v1_alt
KI270896.1	chr4_KI270896v1_alt
NT_187650.1	chr4_KI270896v1_alt
HSCHR4_7_CTG12	chr4_KI270925v1_alt
KI270925.1	chr4_KI270925v1_alt
NT_187679.1	chr4_KI270925v1_alt
HSCHR4_2_CTG4	chr4_KQ090013v1_alt
KQ090013.1	chr4_KQ090013v1_alt
NW_013171799.1	chr4_KQ090013v1_alt
HSCHR4_8_CTG12	chr4_KQ090014v1_alt
KQ090014.1	chr4_KQ090014v1_alt
NW_013171800.1	chr4_KQ090014v1_alt
HSCHR4_9_CTG12	chr4_KQ090015v1_alt
KQ090015.1	chr4_KQ090015v1_alt
NW_013171801.1	chr4_KQ090015v1_alt
HG2023_PATCH	chr4_KQ983257v1_fix
KQ983257.1	chr4_KQ983257v1_fix
NW_015495300.1	chr4_KQ983257v1_fix
HSCHR4_11_CTG12	chr4_KQ983258v1_alt
KQ983258.1	chr4_KQ983258v1_alt
NW_015495301.1	chr4_KQ983258v1_alt
HSCHR4_12_CTG12	chr4_KV766193v1_alt
KV766193.1	chr4_KV766193v1_alt
NW_017363814.1	chr4_KV766193v1_alt
HG699_PATCH	chr4_ML143344v1_fix
ML143344.1	chr4_ML143344v1_fix
NW_021159990.1	chr4_ML143344v1_fix
HG2525_PATCH	chr4_ML143345v1_fix
ML143345.1	chr4_ML143345v1_fix
NW_021159991.1	chr4_ML143345v1_fix
HG1299_PATCH	chr4_ML143346v1_fix
ML143346.1	chr4_ML143346v1_fix
NW_021159992.1	chr4_ML143346v1_fix
HG1298_PATCH	chr4_ML143347v1_fix
ML143347.1	chr4_ML143347v1_fix
NW_021159993.1	chr4_ML143347v1_fix
HG1296_PATCH	chr4_ML143348v1_fix
ML143348.1	chr4_ML143348v1_fix
NW_021159994.1	chr4_ML143348v1_fix
HG705_PATCH	chr4_ML143349v1_fix
ML143349.1	chr4_ML143349v1_fix
NW_021159995.1	chr4_ML143349v1_fix
HSCHR4_2_CTG8_1	chr4_MU273349v1_alt
MU273349.1	chr4_MU273349v1_alt
NW_025791772.1	chr4_MU273349v1_alt
HG2155_PATCH	chr4_MU273350v1_fix
MU273350.1	chr4_MU273350v1_fix
NW_025791773.1	chr4_MU273350v1_fix
HG287_PATCH	chr4_MU273351v1_fix
MU273351.1	chr4_MU273351v1_fix
NW_025791774.1	chr4_MU273351v1_fix
GL000008.2	chr4_GL000008v2_random
HSCHR4_RANDOM_CTG4	chr4_GL000008v2_random
NT_113793.3	chr4_GL000008v2_random
GL339449.2	chr5_GL339449v2_alt
HSCHR5_2_CTG1_1	chr5_GL339449v2_alt
NW_003315917.2	chr5_GL339449v2_alt
GL383530.1	chr5_GL383530v1_alt
HSCHR5_3_CTG1_1	chr5_GL383530v1_alt
NW_003315918.1	chr5_GL383530v1_alt
GL383531.1	chr5_GL383531v1_alt
HSCHR5_1_CTG5	chr5_GL383531v1_alt
NW_003315919.1	chr5_GL383531v1_alt
GL383532.1	chr5_GL383532v1_alt
HSCHR5_1_CTG1	chr5_GL383532v1_alt
NW_003315920.1	chr5_GL383532v1_alt
GL949742.1	chr5_GL949742v1_alt
HSCHR5_2_CTG1	chr5_GL949742v1_alt
NW_003571036.1	chr5_GL949742v1_alt
HSCHR5_3_CTG1	chr5_KI270791v1_alt
KI270791.1	chr5_KI270791v1_alt
NT_187547.1	chr5_KI270791v1_alt
HSCHR5_4_CTG1	chr5_KI270792v1_alt
KI270792.1	chr5_KI270792v1_alt
NT_187548.1	chr5_KI270792v1_alt
HSCHR5_5_CTG1	chr5_KI270793v1_alt
KI270793.1	chr5_KI270793v1_alt
NT_187550.1	chr5_KI270793v1_alt
HSCHR5_6_CTG1	chr5_KI270794v1_alt
KI270794.1	chr5_KI270794v1_alt
NT_187551.1	chr5_KI270794v1_alt
HSCHR5_2_CTG5	chr5_KI270795v1_alt
KI270795.1	chr5_KI270795v1_alt
NT_187546.1	chr5_KI270795v1_alt
HSCHR5_4_CTG1_1	chr5_KI270796v1_alt
KI270796.1	chr5_KI270796v1_alt
NT_187549.1	chr5_KI270796v1_alt
HSCHR5_1_CTG1_1	chr5_KI270897v1_alt
KI270897.1	chr5_KI270897v1_alt
NT_187651.1	chr5_KI270897v1_alt
HSCHR5_3_CTG5	chr5_KI270898v1_alt
KI270898.1	chr5_KI270898v1_alt
NT_187652.1	chr5_KI270898v1_alt
HSCHR5_7_CTG1	chr5_KN196477v1_alt
KN196477.1	chr5_KN196477v1_alt
NW_009646199.1	chr5_KN196477v1_alt
HSCHR5_8_CTG1	chr5_KV575243v1_alt
KV575243.1	chr5_KV575243v1_alt
NW_016107297.1	chr5_KV575243v1_alt
HG30_PATCH	chr5_KV575244v1_fix
KV575244.1	chr5_KV575244v1_fix
NW_016107298.1	chr5_KV575244v1_fix
HSCHR5_9_CTG1	chr5_KZ208910v1_alt
KZ208910.1	chr5_KZ208910v1_alt
NW_018654712.1	chr5_KZ208910v1_alt
HG1395_PATCH	chr5_ML143350v1_fix
ML143350.1	chr5_ML143350v1_fix
NW_021159996.1	chr5_ML143350v1_fix
HG1046_PATCH	chr5_MU273352v1_fix
MU273352.1	chr5_MU273352v1_fix
NW_025791775.1	chr5_MU273352v1_fix
HG2476_PATCH	chr5_MU273353v1_fix
MU273353.1	chr5_MU273353v1_fix
NW_025791776.1	chr5_MU273353v1_fix
HG2405_PATCH	chr5_MU273354v1_fix
MU273354.1	chr5_MU273354v1_fix
NW_025791777.1	chr5_MU273354v1_fix
HG2308_PATCH	chr5_MU273355v1_fix
MU273355.1	chr5_MU273355v1_fix
NW_025791778.1	chr5_MU273355v1_fix
HSCHR5_10_CTG1	chr5_MU273356v1_alt
MU273356.1	chr5_MU273356v1_alt
NW_025791779.1	chr5_MU273356v1_alt
GL000208.1	chr5_GL000208v1_random
HSCHR5_RANDOM_CTG1	chr5_GL000208v1_random
NT_113948.1	chr5_GL000208v1_random
GL000250.2	chr6_GL000250v2_alt
HSCHR6_MHC_APD_CTG1	chr6_GL000250v2_alt
NT_167244.2	chr6_GL000250v2_alt
GL000251.2	chr6_GL000251v2_alt
HSCHR6_MHC_COX_CTG1	chr6_GL000251v2_alt
NT_113891.3	chr6_GL000251v2_alt
GL000252.2	chr6_GL000252v2_alt
HSCHR6_MHC_DBB_CTG1	chr6_GL000252v2_alt
NT_167245.2	chr6_GL000252v2_alt
GL000253.2	chr6_GL000253v2_alt
HSCHR6_MHC_MANN_CTG1	chr6_GL000253v2_alt
NT_167246.2	chr6_GL000253v2_alt
GL000254.2	chr6_GL000254v2_alt
HSCHR6_MHC_MCF_CTG1	chr6_GL000254v2_alt
NT_167247.2	chr6_GL000254v2_alt
GL000255.2	chr6_GL000255v2_alt
HSCHR6_MHC_QBL_CTG1	chr6_GL000255v2_alt
NT_167248.2	chr6_GL000255v2_alt
GL000256.2	chr6_GL000256v2_alt
HSCHR6_MHC_SSTO_CTG1	chr6_GL000256v2_alt
NT_167249.2	chr6_GL000256v2_alt
GL383533.1	chr6_GL383533v1_alt
HSCHR6_1_CTG2	chr6_GL383533v1_alt
NW_003315921.1	chr6_GL383533v1_alt
HSCHR6_1_CTG3	chr6_KB021644v2_alt
KB021644.2	chr6_KB021644v2_alt
NW_004166862.2	chr6_KB021644v2_alt
HSCHR6_8_CTG1	chr6_KI270758v1_alt
KI270758.1	chr6_KI270758v1_alt
NT_187692.1	chr6_KI270758v1_alt
HSCHR6_1_CTG4	chr6_KI270797v1_alt
KI270797.1	chr6_KI270797v1_alt
NT_187552.1	chr6_KI270797v1_alt
HSCHR6_1_CTG5	chr6_KI270798v1_alt
KI270798.1	chr6_KI270798v1_alt
NT_187553.1	chr6_KI270798v1_alt
HSCHR6_1_CTG6	chr6_KI270799v1_alt
KI270799.1	chr6_KI270799v1_alt
NT_187554.1	chr6_KI270799v1_alt
HSCHR6_1_CTG7	chr6_KI270800v1_alt
KI270800.1	chr6_KI270800v1_alt
NT_187555.1	chr6_KI270800v1_alt
HSCHR6_1_CTG8	chr6_KI270801v1_alt
KI270801.1	chr6_KI270801v1_alt
NT_187556.1	chr6_KI270801v1_alt
HSCHR6_1_CTG9	chr6_KI270802v1_alt
KI270802.1	chr6_KI270802v1_alt
NT_187557.1	chr6_KI270802v1_alt
HG2128_PATCH	chr6_KN196478v1_fix
KN196478.1	chr6_KN196478v1_fix
NW_009646200.1	chr6_KN196478v1_fix
HG1651_PATCH	chr6_KQ031387v1_fix
KQ031387.1	chr6_KQ031387v1_fix
NW_012132918.1	chr6_KQ031387v1_fix
HG2072_PATCH	chr6_KQ090016v1_fix
KQ090016.1	chr6_KQ090016v1_fix
NW_013171802.1	chr6_KQ090016v1_fix
HSCHR6_1_CTG10	chr6_KQ090017v1_alt
KQ090017.1	chr6_KQ090017v1_alt
NW_013171803.1	chr6_KQ090017v1_alt
HG2121_PATCH	chr6_KV766194v1_fix
KV766194.1	chr6_KV766194v1_fix
NW_017363815.1	chr6_KV766194v1_fix
HG2057_PATCH	chr6_KZ208911v1_fix
KZ208911.1	chr6_KZ208911v1_fix
NW_018654713.1	chr6_KZ208911v1_fix
HG563_PATCH	chr6_ML143351v1_fix
ML143351.1	chr6_ML143351v1_fix
NW_021159997.1	chr6_ML143351v1_fix
HSCHR6_1_CTG1	chr6_MU273357v1_alt
MU273357.1	chr6_MU273357v1_alt
NW_025791780.1	chr6_MU273357v1_alt
GL383534.2	chr7_GL383534v2_alt
HSCHR7_1_CTG6	chr7_GL383534v2_alt
NW_003315922.2	chr7_GL383534v2_alt
HSCHR7_2_CTG6	chr7_KI270803v1_alt
KI270803.1	chr7_KI270803v1_alt
NT_187562.1	chr7_KI270803v1_alt
HSCHR7_1_CTG1	chr7_KI270804v1_alt
KI270804.1	chr7_KI270804v1_alt
NT_187558.1	chr7_KI270804v1_alt
HSCHR7_1_CTG7	chr7_KI270805v1_alt
KI270805.1	chr7_KI270805v1_alt
NT_187560.1	chr7_KI270805v1_alt
HSCHR7_1_CTG4_4	chr7_KI270806v1_alt
KI270806.1	chr7_KI270806v1_alt
NT_187559.1	chr7_KI270806v1_alt
HSCHR7_2_CTG7	chr7_KI270807v1_alt
KI270807.1	chr7_KI270807v1_alt
NT_187563.1	chr7_KI270807v1_alt
HSCHR7_3_CTG6	chr7_KI270808v1_alt
KI270808.1	chr7_KI270808v1_alt
NT_187564.1	chr7_KI270808v1_alt
HSCHR7_2_CTG4_4	chr7_KI270809v1_alt
KI270809.1	chr7_KI270809v1_alt
NT_187561.1	chr7_KI270809v1_alt
HSCHR7_2_CTG1	chr7_KI270899v1_alt
KI270899.1	chr7_KI270899v1_alt
NT_187653.1	chr7_KI270899v1_alt
HG2239_PATCH	chr7_KQ031388v1_fix
KQ031388.1	chr7_KQ031388v1_fix
NW_012132919.1	chr7_KQ031388v1_fix
HG2088_PATCH	chr7_KV880764v1_fix
KV880764.1	chr7_KV880764v1_fix
NW_017852929.1	chr7_KV880764v1_fix
HG2266_PATCH	chr7_KV880765v1_fix
KV880765.1	chr7_KV880765v1_fix
NW_017852930.1	chr7_KV880765v1_fix
HG708_PATCH	chr7_KZ208912v1_fix
KZ208912.1	chr7_KZ208912v1_fix
NW_018654714.1	chr7_KZ208912v1_fix
HSCHR7_3_CTG4_4	chr7_KZ208913v1_alt
KZ208913.1	chr7_KZ208913v1_alt
NW_018654715.1	chr7_KZ208913v1_alt
HSCHR7_3_CTG1	chr7_KZ559106v1_alt
KZ559106.1	chr7_KZ559106v1_alt
NW_019805493.1	chr7_KZ559106v1_alt
HG1309_PATCH	chr7_ML143352v1_fix
ML143352.1	chr7_ML143352v1_fix
NW_021159998.1	chr7_ML143352v1_fix
HSCHR7_4_CTG1	chr7_MU273358v1_alt
MU273358.1	chr7_MU273358v1_alt
NW_025791781.1	chr7_MU273358v1_alt
HSCHR8_1_CTG7	chr8_KI270810v1_alt
KI270810.1	chr8_KI270810v1_alt
NT_187567.1	chr8_KI270810v1_alt
HSCHR8_1_CTG1	chr8_KI270811v1_alt
KI270811.1	chr8_KI270811v1_alt
NT_187565.1	chr8_KI270811v1_alt
HSCHR8_2_CTG1	chr8_KI270812v1_alt
KI270812.1	chr8_KI270812v1_alt
NT_187568.1	chr8_KI270812v1_alt
HSCHR8_3_CTG1	chr8_KI270813v1_alt
KI270813.1	chr8_KI270813v1_alt
NT_187570.1	chr8_KI270813v1_alt
HSCHR8_1_CTG6	chr8_KI270814v1_alt
KI270814.1	chr8_KI270814v1_alt
NT_187566.1	chr8_KI270814v1_alt
HSCHR8_2_CTG7	chr8_KI270815v1_alt
KI270815.1	chr8_KI270815v1_alt
NT_187569.1	chr8_KI270815v1_alt
HSCHR8_3_CTG7	chr8_KI270816v1_alt
KI270816.1	chr8_KI270816v1_alt
NT_187571.1	chr8_KI270816v1_alt
HSCHR8_4_CTG7	chr8_KI270817v1_alt
KI270817.1	chr8_KI270817v1_alt
NT_187573.1	chr8_KI270817v1_alt
HSCHR8_4_CTG1	chr8_KI270818v1_alt
KI270818.1	chr8_KI270818v1_alt
NT_187572.1	chr8_KI270818v1_alt
HSCHR8_5_CTG7	chr8_KI270819v1_alt
KI270819.1	chr8_KI270819v1_alt
NT_187574.1	chr8_KI270819v1_alt
HSCHR8_6_CTG7	chr8_KI270820v1_alt
KI270820.1	chr8_KI270820v1_alt
NT_187575.1	chr8_KI270820v1_alt
HSCHR8_8_CTG1	chr8_KI270821v1_alt
KI270821.1	chr8_KI270821v1_alt
NT_187576.1	chr8_KI270821v1_alt
HSCHR8_9_CTG1	chr8_KI270822v1_alt
KI270822.1	chr8_KI270822v1_alt
NT_187577.1	chr8_KI270822v1_alt
HSCHR8_5_CTG1	chr8_KI270900v1_alt
KI270900.1	chr8_KI270900v1_alt
NT_187654.1	chr8_KI270900v1_alt
HSCHR8_6_CTG1	chr8_KI270901v1_alt
KI270901.1	chr8_KI270901v1_alt
NT_187655.1	chr8_KI270901v1_alt
HSCHR8_7_CTG1	chr8_KI270926v1_alt
KI270926.1	chr8_KI270926v1_alt
NT_187680.1	chr8_KI270926v1_alt
HG2067_PATCH	chr8_KV880766v1_fix
KV880766.1	chr8_KV880766v1_fix
NW_017852931.1	chr8_KV880766v1_fix
HG2068_PATCH	chr8_KV880767v1_fix
KV880767.1	chr8_KV880767v1_fix
NW_017852932.1	chr8_KV880767v1_fix
HG2419_PATCH	chr8_KZ208914v1_fix
KZ208914.1	chr8_KZ208914v1_fix
NW_018654716.1	chr8_KZ208914v1_fix
HG76_PATCH	chr8_KZ208915v1_fix
KZ208915.1	chr8_KZ208915v1_fix
NW_018654717.1	chr8_KZ208915v1_fix
HSCHR8_7_CTG7	chr8_KZ559107v1_alt
KZ559107.1	chr8_KZ559107v1_alt
NW_019805494.1	chr8_KZ559107v1_alt
HG2176_PATCH	chr8_MU273359v1_fix
MU273359.1	chr8_MU273359v1_fix
NW_025791782.1	chr8_MU273359v1_fix
HG1047_PATCH	chr8_MU273360v1_fix
MU273360.1	chr8_MU273360v1_fix
NW_025791783.1	chr8_MU273360v1_fix
HG2408_PATCH	chr8_MU273361v1_fix
MU273361.1	chr8_MU273361v1_fix
NW_025791784.1	chr8_MU273361v1_fix
HG2267_PATCH	chr8_MU273362v1_fix
MU273362.1	chr8_MU273362v1_fix
NW_025791785.1	chr8_MU273362v1_fix
HG2031_PATCH	chr8_MU273363v1_fix
MU273363.1	chr8_MU273363v1_fix
NW_025791786.1	chr8_MU273363v1_fix
GL383539.1	chr9_GL383539v1_alt
HSCHR9_1_CTG1	chr9_GL383539v1_alt
NW_003315928.1	chr9_GL383539v1_alt
GL383540.1	chr9_GL383540v1_alt
HSCHR9_1_CTG2	chr9_GL383540v1_alt
NW_003315929.1	chr9_GL383540v1_alt
GL383541.1	chr9_GL383541v1_alt
HSCHR9_1_CTG3	chr9_GL383541v1_alt
NW_003315930.1	chr9_GL383541v1_alt
GL383542.1	chr9_GL383542v1_alt
HSCHR9_1_CTG4	chr9_GL383542v1_alt
NW_003315931.1	chr9_GL383542v1_alt
HSCHR9_1_CTG5	chr9_KI270823v1_alt
KI270823.1	chr9_KI270823v1_alt
NT_187578.1	chr9_KI270823v1_alt
HG2030_PATCH	chr9_KN196479v1_fix
KN196479.1	chr9_KN196479v1_fix
NW_009646201.1	chr9_KN196479v1_fix
HSCHR9_1_CTG6	chr9_KQ090018v1_alt
KQ090018.1	chr9_KQ090018v1_alt
NW_013171804.1	chr9_KQ090018v1_alt
HSCHR9_1_CTG7	chr9_KQ090019v1_alt
KQ090019.1	chr9_KQ090019v1_alt
NW_013171805.1	chr9_KQ090019v1_alt
HG613_PATCH	chr9_ML143353v1_fix
ML143353.1	chr9_ML143353v1_fix
NW_021159999.1	chr9_ML143353v1_fix
HG2158_PATCH	chr9_MU273364v1_fix
MU273364.1	chr9_MU273364v1_fix
NW_025791787.1	chr9_MU273364v1_fix
HG1012_PATCH	chr9_MU273365v1_fix
MU273365.1	chr9_MU273365v1_fix
NW_025791788.1	chr9_MU273365v1_fix
HG1206_PATCH	chr9_MU273366v1_fix
MU273366.1	chr9_MU273366v1_fix
NW_025791789.1	chr9_MU273366v1_fix
HSCHR9_UNLOCALIZED_CTG1	chr9_KI270717v1_random
KI270717.1	chr9_KI270717v1_random
NT_187372.1	chr9_KI270717v1_random
HSCHR9_UNLOCALIZED_CTG2	chr9_KI270718v1_random
KI270718.1	chr9_KI270718v1_random
NT_187373.1	chr9_KI270718v1_random
HSCHR9_UNLOCALIZED_CTG3	chr9_KI270719v1_random
KI270719.1	chr9_KI270719v1_random
NT_187374.1	chr9_KI270719v1_random
HSCHR9_UNLOCALIZED_CTG4	chr9_KI270720v1_random
KI270720.1	chr9_KI270720v1_random
NT_187375.1	chr9_KI270720v1_random
GL383545.1	chr10_GL383545v1_alt
HSCHR10_1_CTG1	chr10_GL383545v1_alt
NW_003315934.1	chr10_GL383545v1_alt
GL383546.1	chr10_GL383546v1_alt
HSCHR10_1_CTG2	chr10_GL383546v1_alt
NW_003315935.1	chr10_GL383546v1_alt
HSCHR10_1_CTG3	chr10_KI270824v1_alt
KI270824.1	chr10_KI270824v1_alt
NT_187579.1	chr10_KI270824v1_alt
HSCHR10_1_CTG4	chr10_KI270825v1_alt
KI270825.1	chr10_KI270825v1_alt
HG2191_PATCH	chr10_KN196480v1_fix
KN196480.1	chr10_KN196480v1_fix
NW_009646202.1	chr10_KN196480v1_fix
HG2241_PATCH	chr10_KN538365v1_fix
KN538365.1	chr10_KN538365v1_fix
NW_011332692.1	chr10_KN538365v1_fix
HG2242_HG2243_PATCH	chr10_KN538366v1_fix
KN538366.1	chr10_KN538366v1_fix
NW_011332693.1	chr10_KN538366v1_fix
HG2244_HG2245_PATCH	chr10_KN538367v1_fix
KN538367.1	chr10_KN538367v1_fix
NW_011332694.1	chr10_KN538367v1_fix
HSCHR10_1_CTG6	chr10_KQ090020v1_alt
KQ090020.1	chr10_KQ090020v1_alt
NW_013171806.1	chr10_KQ090020v1_alt
HG2334_PATCH	chr10_KQ090021v1_fix
KQ090021.1	chr10_KQ090021v1_fix
NW_013171807.1	chr10_KQ090021v1_fix
HG545_PATCH	chr10_ML143354v1_fix
ML143354.1	chr10_ML143354v1_fix
NW_021160000.1	chr10_ML143354v1_fix
HG1277_PATCH	chr10_ML143355v1_fix
ML143355.1	chr10_ML143355v1_fix
NW_021160001.1	chr10_ML143355v1_fix
HG2576_PATCH	chr10_MU273367v1_fix
MU273367.1	chr10_MU273367v1_fix
NW_025791790.1	chr10_MU273367v1_fix
GL383547.1	chr11_GL383547v1_alt
HSCHR11_1_CTG1_1	chr11_GL383547v1_alt
NW_003315936.1	chr11_GL383547v1_alt
HG142_HG150_NOVEL_TEST	chr11_JH159136v1_alt
JH159136.1	chr11_JH159136v1_alt
NW_003871073.1	chr11_JH159136v1_alt
HG151_NOVEL_TEST	chr11_JH159137v1_alt
JH159137.1	chr11_JH159137v1_alt
NW_003871074.1	chr11_JH159137v1_alt
HSCHR11_1_CTG2	chr11_KI270826v1_alt
KI270826.1	chr11_KI270826v1_alt
NT_187581.1	chr11_KI270826v1_alt
HSCHR11_1_CTG3	chr11_KI270827v1_alt
KI270827.1	chr11_KI270827v1_alt
NT_187582.1	chr11_KI270827v1_alt
HSCHR11_1_CTG5	chr11_KI270829v1_alt
KI270829.1	chr11_KI270829v1_alt
NT_187583.1	chr11_KI270829v1_alt
HSCHR11_1_CTG6	chr11_KI270830v1_alt
KI270830.1	chr11_KI270830v1_alt
NT_187584.1	chr11_KI270830v1_alt
HSCHR11_1_CTG7	chr11_KI270831v1_alt
KI270831.1	chr11_KI270831v1_alt
NT_187585.1	chr11_KI270831v1_alt
HSCHR11_1_CTG8	chr11_KI270832v1_alt
KI270832.1	chr11_KI270832v1_alt
NT_187586.1	chr11_KI270832v1_alt
HSCHR11_2_CTG1	chr11_KI270902v1_alt
KI270902.1	chr11_KI270902v1_alt
NT_187656.1	chr11_KI270902v1_alt
HSCHR11_2_CTG1_1	chr11_KI270903v1_alt
KI270903.1	chr11_KI270903v1_alt
NT_187657.1	chr11_KI270903v1_alt
HSCHR11_3_CTG1	chr11_KI270927v1_alt
KI270927.1	chr11_KI270927v1_alt
NT_187681.1	chr11_KI270927v1_alt
HG2217_PATCH	chr11_KN196481v1_fix
KN196481.1	chr11_KN196481v1_fix
NW_009646203.1	chr11_KN196481v1_fix
HSCHR11_1_CTG1_2	chr11_KN538368v1_alt
KN538368.1	chr11_KN538368v1_alt
NW_011332695.1	chr11_KN538368v1_alt
HG2116_PATCH	chr11_KQ090022v1_fix
KQ090022.1	chr11_KQ090022v1_fix
NW_013171808.1	chr11_KQ090022v1_fix
HG107_PATCH	chr11_KQ759759v1_fix
KQ759759.1	chr11_KQ759759v1_fix
NW_015148966.1	chr11_KQ759759v1_fix
HG107_HG2565_PATCH	chr11_KQ759759v2_fix
KQ759759.2	chr11_KQ759759v2_fix
NW_015148966.2	chr11_KQ759759v2_fix
HG1708_PATCH	chr11_KV766195v1_fix
KV766195.1	chr11_KV766195v1_fix
NW_017363816.1	chr11_KV766195v1_fix
HG2060_PATCH	chr11_KZ559108v1_fix
KZ559108.1	chr11_KZ559108v1_fix
NW_019805495.1	chr11_KZ559108v1_fix
HG2114_PATCH	chr11_KZ559109v1_fix
KZ559109.1	chr11_KZ559109v1_fix
NW_019805496.1	chr11_KZ559109v1_fix
HSCHR11_2_CTG8	chr11_KZ559110v1_alt
KZ559110.1	chr11_KZ559110v1_alt
NW_019805497.1	chr11_KZ559110v1_alt
HSCHR11_1_CTG3_1	chr11_KZ559111v1_alt
KZ559111.1	chr11_KZ559111v1_alt
NW_019805498.1	chr11_KZ559111v1_alt
HG1521_PATCH	chr11_ML143356v1_fix
ML143356.1	chr11_ML143356v1_fix
NW_021160002.1	chr11_ML143356v1_fix
HG1445_PATCH	chr11_ML143357v1_fix
ML143357.1	chr11_ML143357v1_fix
NW_021160003.1	chr11_ML143357v1_fix
HG28_PATCH	chr11_ML143358v1_fix
ML143358.1	chr11_ML143358v1_fix
NW_021160004.1	chr11_ML143358v1_fix
HG2115_PATCH	chr11_ML143359v1_fix
ML143359.1	chr11_ML143359v1_fix
NW_021160005.1	chr11_ML143359v1_fix
HG2111_PATCH	chr11_ML143360v1_fix
ML143360.1	chr11_ML143360v1_fix
NW_021160006.1	chr11_ML143360v1_fix
HSCHR11_2_CTG3_1	chr11_MU273368v1_alt
MU273368.1	chr11_MU273368v1_alt
NW_025791791.1	chr11_MU273368v1_alt
HG152_PATCH	chr11_MU273369v1_fix
MU273369.1	chr11_MU273369v1_fix
NW_025791792.1	chr11_MU273369v1_fix
HG2568_PATCH	chr11_MU273370v1_fix
MU273370.1	chr11_MU273370v1_fix
NW_025791793.1	chr11_MU273370v1_fix
HG2578_PATCH	chr11_MU273371v1_fix
MU273371.1	chr11_MU273371v1_fix
NW_025791794.1	chr11_MU273371v1_fix
HSCHR11_CTG1_UNLOCALIZED	chr11_KI270721v1_random
KI270721.1	chr11_KI270721v1_random
GL383549.1	chr12_GL383549v1_alt
HSCHR12_1_CTG2	chr12_GL383549v1_alt
NW_003315938.1	chr12_GL383549v1_alt
GL383550.2	chr12_GL383550v2_alt
HSCHR12_1_CTG2_1	chr12_GL383550v2_alt
NW_003315939.2	chr12_GL383550v2_alt
GL383551.1	chr12_GL383551v1_alt
HSCHR12_4_CTG2_1	chr12_GL383551v1_alt
NW_003315940.1	chr12_GL383551v1_alt
GL383552.1	chr12_GL383552v1_alt
HSCHR12_2_CTG2_1	chr12_GL383552v1_alt
NW_003315941.1	chr12_GL383552v1_alt
GL383553.2	chr12_GL383553v2_alt
HSCHR12_3_CTG2_1	chr12_GL383553v2_alt
NW_003315942.2	chr12_GL383553v2_alt
GL877875.1	chr12_GL877875v1_alt
HSCHR12_1_CTG1	chr12_GL877875v1_alt
NW_003571049.1	chr12_GL877875v1_alt
GL877876.1	chr12_GL877876v1_alt
HSCHR12_2_CTG2	chr12_GL877876v1_alt
NW_003571050.1	chr12_GL877876v1_alt
HSCHR12_5_CTG2_1	chr12_KI270833v1_alt
KI270833.1	chr12_KI270833v1_alt
NT_187589.1	chr12_KI270833v1_alt
HSCHR12_6_CTG2_1	chr12_KI270834v1_alt
KI270834.1	chr12_KI270834v1_alt
NT_187590.1	chr12_KI270834v1_alt
HSCHR12_4_CTG2	chr12_KI270835v1_alt
KI270835.1	chr12_KI270835v1_alt
NT_187587.1	chr12_KI270835v1_alt
HSCHR12_7_CTG2_1	chr12_KI270836v1_alt
KI270836.1	chr12_KI270836v1_alt
NT_187591.1	chr12_KI270836v1_alt
HSCHR12_5_CTG2	chr12_KI270837v1_alt
KI270837.1	chr12_KI270837v1_alt
NT_187588.1	chr12_KI270837v1_alt
HSCHR12_3_CTG2	chr12_KI270904v1_alt
KI270904.1	chr12_KI270904v1_alt
NT_187658.1	chr12_KI270904v1_alt
HG23_PATCH	chr12_KN196482v1_fix
KN196482.1	chr12_KN196482v1_fix
NW_009646204.1	chr12_KN196482v1_fix
HG1362_PATCH	chr12_KN538369v1_fix
KN538369.1	chr12_KN538369v1_fix
NW_011332696.1	chr12_KN538369v1_fix
HG2247_PATCH	chr12_KN538370v1_fix
KN538370.1	chr12_KN538370v1_fix
NW_011332697.1	chr12_KN538370v1_fix
HSCHR12_2_CTG1	chr12_KQ090023v1_alt
KQ090023.1	chr12_KQ090023v1_alt
NW_013171809.1	chr12_KQ090023v1_alt
HG2063_PATCH	chr12_KQ759760v1_fix
KQ759760.1	chr12_KQ759760v1_fix
NW_015148967.1	chr12_KQ759760v1_fix
HG1815_PATCH	chr12_KZ208916v1_fix
KZ208916.1	chr12_KZ208916v1_fix
NW_018654718.1	chr12_KZ208916v1_fix
HG2047_PATCH	chr12_KZ208917v1_fix
KZ208917.1	chr12_KZ208917v1_fix
NW_018654719.1	chr12_KZ208917v1_fix
HSCHR12_8_CTG2_1	chr12_KZ208918v1_alt
KZ208918.1	chr12_KZ208918v1_alt
NW_018654720.1	chr12_KZ208918v1_alt
HSCHR12_9_CTG2_1	chr12_KZ559112v1_alt
KZ559112.1	chr12_KZ559112v1_alt
NW_019805499.1	chr12_KZ559112v1_alt
HG2246_HG2248_HG2276_PATCH	chr12_ML143361v1_fix
ML143361.1	chr12_ML143361v1_fix
NW_021160007.1	chr12_ML143361v1_fix
HG1398_PATCH	chr12_ML143362v1_fix
ML143362.1	chr12_ML143362v1_fix
NW_021160008.1	chr12_ML143362v1_fix
HG2554_PATCH	chr12_MU273372v1_fix
MU273372.1	chr12_MU273372v1_fix
NW_025791795.1	chr12_MU273372v1_fix
HSCHR13_1_CTG1	chr13_KI270838v1_alt
KI270838.1	chr13_KI270838v1_alt
NT_187592.1	chr13_KI270838v1_alt
HSCHR13_1_CTG2	chr13_KI270839v1_alt
KI270839.1	chr13_KI270839v1_alt
NT_187593.1	chr13_KI270839v1_alt
HSCHR13_1_CTG3	chr13_KI270840v1_alt
KI270840.1	chr13_KI270840v1_alt
NT_187594.1	chr13_KI270840v1_alt
HSCHR13_1_CTG4	chr13_KI270841v1_alt
KI270841.1	chr13_KI270841v1_alt
NT_187595.1	chr13_KI270841v1_alt
HSCHR13_1_CTG5	chr13_KI270842v1_alt
KI270842.1	chr13_KI270842v1_alt
NT_187596.1	chr13_KI270842v1_alt
HSCHR13_1_CTG6	chr13_KI270843v1_alt
KI270843.1	chr13_KI270843v1_alt
NT_187597.1	chr13_KI270843v1_alt
HG2216_PATCH	chr13_KN196483v1_fix
KN196483.1	chr13_KN196483v1_fix
NW_009646205.1	chr13_KN196483v1_fix
HG2288_HG2289_PATCH	chr13_KN538371v1_fix
KN538371.1	chr13_KN538371v1_fix
NW_011332698.1	chr13_KN538371v1_fix
HG2291_PATCH	chr13_KN538372v1_fix
KN538372.1	chr13_KN538372v1_fix
NW_011332699.1	chr13_KN538372v1_fix
HG2249_PATCH	chr13_KN538373v1_fix
KN538373.1	chr13_KN538373v1_fix
NW_011332700.1	chr13_KN538373v1_fix
HSCHR13_1_CTG7	chr13_KQ090024v1_alt
KQ090024.1	chr13_KQ090024v1_alt
NW_013171810.1	chr13_KQ090024v1_alt
HSCHR13_1_CTG8	chr13_KQ090025v1_alt
KQ090025.1	chr13_KQ090025v1_alt
NW_013171811.1	chr13_KQ090025v1_alt
HG1817_1_PATCH	chr13_ML143363v1_fix
ML143363.1	chr13_ML143363v1_fix
NW_021160009.1	chr13_ML143363v1_fix
HG1523_PATCH	chr13_ML143364v1_fix
ML143364.1	chr13_ML143364v1_fix
NW_021160010.1	chr13_ML143364v1_fix
HG1524_PATCH	chr13_ML143365v1_fix
ML143365.1	chr13_ML143365v1_fix
NW_021160011.1	chr13_ML143365v1_fix
HG2509_PATCH	chr13_ML143366v1_fix
ML143366.1	chr13_ML143366v1_fix
NW_021160012.1	chr13_ML143366v1_fix
HSCHR14_1_CTG1	chr14_KI270844v1_alt
KI270844.1	chr14_KI270844v1_alt
NT_187598.1	chr14_KI270844v1_alt
HSCHR14_2_CTG1	chr14_KI270845v1_alt
KI270845.1	chr14_KI270845v1_alt
NT_187599.1	chr14_KI270845v1_alt
HSCHR14_3_CTG1	chr14_KI270846v1_alt
KI270846.1	chr14_KI270846v1_alt
NT_187600.1	chr14_KI270846v1_alt
HSCHR14_7_CTG1	chr14_KI270847v1_alt
KI270847.1	chr14_KI270847v1_alt
NT_187601.1	chr14_KI270847v1_alt
HSCHR14_8_CTG1	chr14_KZ208919v1_alt
KZ208919.1	chr14_KZ208919v1_alt
NW_018654721.1	chr14_KZ208919v1_alt
HG1_PATCH	chr14_KZ208920v1_fix
KZ208920.1	chr14_KZ208920v1_fix
NW_018654722.1	chr14_KZ208920v1_fix
HG2510_PATCH	chr14_ML143367v1_fix
ML143367.1	chr14_ML143367v1_fix
NW_021160013.1	chr14_ML143367v1_fix
HSCHR14_9_CTG1	chr14_ML143368v1_alt
ML143368.1	chr14_ML143368v1_alt
NW_021160014.1	chr14_ML143368v1_alt
HG2526_HG2573_PATCH	chr14_MU273373v1_fix
MU273373.1	chr14_MU273373v1_fix
NW_025791796.1	chr14_MU273373v1_fix
GL000009.2	chr14_GL000009v2_random
HSCHR14_CTG1_UNLOCALIZED	chr14_GL000009v2_random
NT_113796.3	chr14_GL000009v2_random
GL000194.1	chr14_GL000194v1_random
HSCHR14_CTG4_UNLOCALIZED	chr14_GL000194v1_random
NT_113888.1	chr14_GL000194v1_random
GL000225.1	chr14_GL000225v1_random
HSCHR14_CTG2_UNLOCALIZED	chr14_GL000225v1_random
NT_167219.1	chr14_GL000225v1_random
HSCHR14_CTG3_UNLOCALIZED	chr14_KI270722v1_random
KI270722.1	chr14_KI270722v1_random
NT_187377.1	chr14_KI270722v1_random
HSCHR14_CTG5_UNLOCALIZED	chr14_KI270723v1_random
KI270723.1	chr14_KI270723v1_random
NT_187378.1	chr14_KI270723v1_random
HSCHR14_CTG6_UNLOCALIZED	chr14_KI270724v1_random
KI270724.1	chr14_KI270724v1_random
NT_187379.1	chr14_KI270724v1_random
HSCHR14_CTG7_UNLOCALIZED	chr14_KI270725v1_random
KI270725.1	chr14_KI270725v1_random
NT_187380.1	chr14_KI270725v1_random
HSCHR14_CTG8_UNLOCALIZED	chr14_KI270726v1_random
KI270726.1	chr14_KI270726v1_random
NT_187381.1	chr14_KI270726v1_random
GL383554.1	chr15_GL383554v1_alt
HSCHR15_1_CTG8	chr15_GL383554v1_alt
NW_003315943.1	chr15_GL383554v1_alt
GL383555.2	chr15_GL383555v2_alt
HSCHR15_2_CTG8	chr15_GL383555v2_alt
NW_003315944.2	chr15_GL383555v2_alt
HSCHR15_1_CTG3	chr15_KI270848v1_alt
KI270848.1	chr15_KI270848v1_alt
NT_187603.1	chr15_KI270848v1_alt
HSCHR15_3_CTG8	chr15_KI270849v1_alt
KI270849.1	chr15_KI270849v1_alt
NT_187605.1	chr15_KI270849v1_alt
HSCHR15_5_CTG8	chr15_KI270850v1_alt
KI270850.1	chr15_KI270850v1_alt
NT_187606.1	chr15_KI270850v1_alt
HSCHR15_3_CTG3	chr15_KI270851v1_alt
KI270851.1	chr15_KI270851v1_alt
NT_187604.1	chr15_KI270851v1_alt
HSCHR15_1_CTG1	chr15_KI270852v1_alt
KI270852.1	chr15_KI270852v1_alt
NT_187602.1	chr15_KI270852v1_alt
HSCHR15_4_CTG8	chr15_KI270905v1_alt
KI270905.1	chr15_KI270905v1_alt
NT_187660.1	chr15_KI270905v1_alt
HSCHR15_2_CTG3	chr15_KI270906v1_alt
KI270906.1	chr15_KI270906v1_alt
NT_187659.1	chr15_KI270906v1_alt
HG2139_PATCH	chr15_KN538374v1_fix
KN538374.1	chr15_KN538374v1_fix
NW_011332701.1	chr15_KN538374v1_fix
HSCHR15_6_CTG8	chr15_KQ031389v1_alt
KQ031389.1	chr15_KQ031389v1_alt
NW_012132920.1	chr15_KQ031389v1_alt
HG2499_PATCH	chr15_ML143369v1_fix
ML143369.1	chr15_ML143369v1_fix
NW_021160015.1	chr15_ML143369v1_fix
HG2198_PATCH	chr15_ML143370v1_fix
ML143370.1	chr15_ML143370v1_fix
NW_021160016.1	chr15_ML143370v1_fix
HG2365_PATCH	chr15_ML143371v1_fix
ML143371.1	chr15_ML143371v1_fix
NW_021160017.1	chr15_ML143371v1_fix
HG2511_PATCH	chr15_ML143372v1_fix
ML143372.1	chr15_ML143372v1_fix
NW_021160018.1	chr15_ML143372v1_fix
HG2280_PATCH	chr15_MU273374v1_fix
MU273374.1	chr15_MU273374v1_fix
NW_025791797.1	chr15_MU273374v1_fix
HSCHR15_9_CTG8	chr15_MU273375v1_alt
MU273375.1	chr15_MU273375v1_alt
NW_025791798.1	chr15_MU273375v1_alt
HSCHR15_RANDOM_CTG1	chr15_KI270727v1_random
KI270727.1	chr15_KI270727v1_random
NT_187382.1	chr15_KI270727v1_random
GL383556.1	chr16_GL383556v1_alt
HSCHR16_1_CTG3_1	chr16_GL383556v1_alt
NW_003315945.1	chr16_GL383556v1_alt
GL383557.1	chr16_GL383557v1_alt
HSCHR16_2_CTG3_1	chr16_GL383557v1_alt
NW_003315946.1	chr16_GL383557v1_alt
HSCHR16_1_CTG1	chr16_KI270853v1_alt
KI270853.1	chr16_KI270853v1_alt
NT_187607.1	chr16_KI270853v1_alt
HSCHR16_CTG2	chr16_KI270854v1_alt
KI270854.1	chr16_KI270854v1_alt
NT_187610.1	chr16_KI270854v1_alt
HSCHR16_3_CTG1	chr16_KI270855v1_alt
KI270855.1	chr16_KI270855v1_alt
NT_187608.1	chr16_KI270855v1_alt
HSCHR16_4_CTG1	chr16_KI270856v1_alt
KI270856.1	chr16_KI270856v1_alt
NT_187609.1	chr16_KI270856v1_alt
HSCHR16_3_CTG3_1	chr16_KQ031390v1_alt
KQ031390.1	chr16_KQ031390v1_alt
NW_012132921.1	chr16_KQ031390v1_alt
HSCHR16_5_CTG1	chr16_KQ090026v1_alt
KQ090026.1	chr16_KQ090026v1_alt
NW_013171812.1	chr16_KQ090026v1_alt
HSCHR16_4_CTG3_1	chr16_KQ090027v1_alt
KQ090027.1	chr16_KQ090027v1_alt
NW_013171813.1	chr16_KQ090027v1_alt
HG926_PATCH	chr16_KV880768v1_fix
KV880768.1	chr16_KV880768v1_fix
NW_017852933.1	chr16_KV880768v1_fix
HSCHR16_5_CTG3_1	chr16_KZ208921v1_alt
KZ208921.1	chr16_KZ208921v1_alt
NW_018654723.1	chr16_KZ208921v1_alt
HG2263_PATCH	chr16_KZ559113v1_fix
KZ559113.1	chr16_KZ559113v1_fix
NW_019805500.1	chr16_KZ559113v1_fix
HG2471_PATCH	chr16_ML143373v1_fix
ML143373.1	chr16_ML143373v1_fix
NW_021160019.1	chr16_ML143373v1_fix
HG401_PATCH	chr16_MU273376v1_fix
MU273376.1	chr16_MU273376v1_fix
NW_025791799.1	chr16_MU273376v1_fix
HG405_PATCH	chr16_MU273377v1_fix
MU273377.1	chr16_MU273377v1_fix
NW_025791800.1	chr16_MU273377v1_fix
HSCHR16_RANDOM_CTG1	chr16_KI270728v1_random
KI270728.1	chr16_KI270728v1_random
NT_187383.1	chr16_KI270728v1_random
GL000258.2	chr17_GL000258v2_alt
HSCHR17_1_CTG5	chr17_GL000258v2_alt
NT_167251.2	chr17_GL000258v2_alt
GL383563.3	chr17_GL383563v3_alt
HSCHR17_1_CTG1	chr17_GL383563v3_alt
NW_003315952.3	chr17_GL383563v3_alt
GL383564.2	chr17_GL383564v2_alt
HSCHR17_1_CTG4	chr17_GL383564v2_alt
NW_003315953.2	chr17_GL383564v2_alt
GL383565.1	chr17_GL383565v1_alt
HSCHR17_2_CTG4	chr17_GL383565v1_alt
NW_003315954.1	chr17_GL383565v1_alt
GL383566.1	chr17_GL383566v1_alt
HSCHR17_3_CTG4	chr17_GL383566v1_alt
NW_003315955.1	chr17_GL383566v1_alt
HSCHR17_4_CTG4	chr17_JH159146v1_alt
JH159146.1	chr17_JH159146v1_alt
NW_003871091.1	chr17_JH159146v1_alt
HSCHR17_5_CTG4	chr17_JH159147v1_alt
JH159147.1	chr17_JH159147v1_alt
NW_003871092.1	chr17_JH159147v1_alt
HSCHR17_6_CTG4	chr17_JH159148v1_alt
JH159148.1	chr17_JH159148v1_alt
NW_003871093.1	chr17_JH159148v1_alt
HSCHR17_7_CTG4	chr17_KI270857v1_alt
KI270857.1	chr17_KI270857v1_alt
NT_187614.1	chr17_KI270857v1_alt
HSCHR17_8_CTG4	chr17_KI270858v1_alt
KI270858.1	chr17_KI270858v1_alt
NT_187615.1	chr17_KI270858v1_alt
HSCHR17_9_CTG4	chr17_KI270859v1_alt
KI270859.1	chr17_KI270859v1_alt
NT_187616.1	chr17_KI270859v1_alt
HSCHR17_1_CTG9	chr17_KI270860v1_alt
KI270860.1	chr17_KI270860v1_alt
NT_187612.1	chr17_KI270860v1_alt
HSCHR17_1_CTG2	chr17_KI270861v1_alt
KI270861.1	chr17_KI270861v1_alt
NT_187611.1	chr17_KI270861v1_alt
HSCHR17_2_CTG2	chr17_KI270862v1_alt
KI270862.1	chr17_KI270862v1_alt
NT_187613.1	chr17_KI270862v1_alt
HSCHR17_2_CTG1	chr17_KI270907v1_alt
KI270907.1	chr17_KI270907v1_alt
NT_187662.1	chr17_KI270907v1_alt
HSCHR17_2_CTG5	chr17_KI270908v1_alt
KI270908.1	chr17_KI270908v1_alt
NT_187663.1	chr17_KI270908v1_alt
HSCHR17_10_CTG4	chr17_KI270909v1_alt
KI270909.1	chr17_KI270909v1_alt
NT_187661.1	chr17_KI270909v1_alt
HSCHR17_3_CTG2	chr17_KI270910v1_alt
KI270910.1	chr17_KI270910v1_alt
NT_187664.1	chr17_KI270910v1_alt
HG2046_PATCH	chr17_KV575245v1_fix
KV575245.1	chr17_KV575245v1_fix
NW_016107299.1	chr17_KV575245v1_fix
HG2285_HG106_HG2252_PATCH	chr17_KV766196v1_fix
KV766196.1	chr17_KV766196v1_fix
NW_017363817.1	chr17_KV766196v1_fix
HSCHR17_11_CTG4	chr17_KV766197v1_alt
KV766197.1	chr17_KV766197v1_alt
NW_017363818.1	chr17_KV766197v1_alt
HSCHR17_3_CTG1	chr17_KV766198v1_alt
KV766198.1	chr17_KV766198v1_alt
NW_017363819.1	chr17_KV766198v1_alt
HSCHR17_12_CTG4	chr17_KZ559114v1_alt
KZ559114.1	chr17_KZ559114v1_alt
NW_019805501.1	chr17_KZ559114v1_alt
HG2087_PATCH	chr17_ML143374v1_fix
ML143374.1	chr17_ML143374v1_fix
NW_021160020.1	chr17_ML143374v1_fix
HG1320_PATCH	chr17_ML143375v1_fix
ML143375.1	chr17_ML143375v1_fix
NW_021160021.1	chr17_ML143375v1_fix
HSCHR17_13_CTG4	chr17_MU273378v1_alt
MU273378.1	chr17_MU273378v1_alt
NW_025791801.1	chr17_MU273378v1_alt
HG2118_PATCH	chr17_MU273379v1_fix
MU273379.1	chr17_MU273379v1_fix
NW_025791802.1	chr17_MU273379v1_fix
HG2407_PATCH	chr17_MU273380v1_fix
MU273380.1	chr17_MU273380v1_fix
NW_025791803.1	chr17_MU273380v1_fix
HG2251_PATCH	chr17_MU273381v1_fix
MU273381.1	chr17_MU273381v1_fix
NW_025791804.1	chr17_MU273381v1_fix
HG1369_PATCH	chr17_MU273382v1_fix
MU273382.1	chr17_MU273382v1_fix
NW_025791805.1	chr17_MU273382v1_fix
HG2580_PATCH	chr17_MU273383v1_fix
MU273383.1	chr17_MU273383v1_fix
NW_025791806.1	chr17_MU273383v1_fix
GL000205.2	chr17_GL000205v2_random
HSCHR17_RANDOM_CTG3	chr17_GL000205v2_random
NT_113930.2	chr17_GL000205v2_random
HSCHR17_RANDOM_CTG4	chr17_KI270729v1_random
KI270729.1	chr17_KI270729v1_random
NT_187384.1	chr17_KI270729v1_random
HSCHR17_RANDOM_CTG5	chr17_KI270730v1_random
KI270730.1	chr17_KI270730v1_random
NT_187385.1	chr17_KI270730v1_random
GL383567.1	chr18_GL383567v1_alt
HSCHR18_1_CTG1_1	chr18_GL383567v1_alt
NW_003315956.1	chr18_GL383567v1_alt
GL383568.1	chr18_GL383568v1_alt
HSCHR18_1_CTG2	chr18_GL383568v1_alt
NW_003315957.1	chr18_GL383568v1_alt
GL383569.1	chr18_GL383569v1_alt
HSCHR18_1_CTG2_1	chr18_GL383569v1_alt
NW_003315958.1	chr18_GL383569v1_alt
GL383570.1	chr18_GL383570v1_alt
HSCHR18_2_CTG1_1	chr18_GL383570v1_alt
NW_003315959.1	chr18_GL383570v1_alt
GL383571.1	chr18_GL383571v1_alt
HSCHR18_2_CTG2	chr18_GL383571v1_alt
NW_003315960.1	chr18_GL383571v1_alt
GL383572.1	chr18_GL383572v1_alt
HSCHR18_2_CTG2_1	chr18_GL383572v1_alt
NW_003315961.1	chr18_GL383572v1_alt
HSCHR18_3_CTG2_1	chr18_KI270863v1_alt
KI270863.1	chr18_KI270863v1_alt
NT_187617.1	chr18_KI270863v1_alt
HSCHR18_4_CTG1_1	chr18_KI270864v1_alt
KI270864.1	chr18_KI270864v1_alt
NT_187618.1	chr18_KI270864v1_alt
HSCHR18_ALT2_CTG2_1	chr18_KI270911v1_alt
KI270911.1	chr18_KI270911v1_alt
NT_187666.1	chr18_KI270911v1_alt
HSCHR18_ALT21_CTG2_1	chr18_KI270912v1_alt
KI270912.1	chr18_KI270912v1_alt
NT_187665.1	chr18_KI270912v1_alt
HG2213_PATCH	chr18_KQ090028v1_fix
KQ090028.1	chr18_KQ090028v1_fix
NW_013171814.1	chr18_KQ090028v1_fix
HSCHR18_5_CTG1_1	chr18_KQ458385v1_alt
KQ458385.1	chr18_KQ458385v1_alt
NW_014040928.1	chr18_KQ458385v1_alt
HG2442_PATCH	chr18_KZ208922v1_fix
KZ208922.1	chr18_KZ208922v1_fix
NW_018654724.1	chr18_KZ208922v1_fix
HG2412_PATCH	chr18_KZ559115v1_fix
KZ559115.1	chr18_KZ559115v1_fix
NW_019805502.1	chr18_KZ559115v1_fix
HSCHR18_1_CTG1	chr18_KZ559116v1_alt
KZ559116.1	chr18_KZ559116v1_alt
NW_019805503.1	chr18_KZ559116v1_alt
GL000209.2	chr19_GL000209v2_alt
HSCHR19KIR_RP5_B_HAP_CTG3_1	chr19_GL000209v2_alt
NT_113949.2	chr19_GL000209v2_alt
GL383573.1	chr19_GL383573v1_alt
HSCHR19_1_CTG2	chr19_GL383573v1_alt
NW_003315962.1	chr19_GL383573v1_alt
GL383574.1	chr19_GL383574v1_alt
HSCHR19_1_CTG3_1	chr19_GL383574v1_alt
NW_003315963.1	chr19_GL383574v1_alt
GL383575.2	chr19_GL383575v2_alt
HSCHR19_2_CTG2	chr19_GL383575v2_alt
NW_003315964.2	chr19_GL383575v2_alt
GL383576.1	chr19_GL383576v1_alt
HSCHR19_3_CTG2	chr19_GL383576v1_alt
NW_003315965.1	chr19_GL383576v1_alt
GL949746.1	chr19_GL949746v1_alt
HSCHR19LRC_COX1_CTG3_1	chr19_GL949746v1_alt
NW_003571054.1	chr19_GL949746v1_alt
GL949747.2	chr19_GL949747v2_alt
HSCHR19LRC_COX2_CTG3_1	chr19_GL949747v2_alt
NW_003571055.2	chr19_GL949747v2_alt
GL949748.2	chr19_GL949748v2_alt
HSCHR19LRC_LRC_I_CTG3_1	chr19_GL949748v2_alt
NW_003571056.2	chr19_GL949748v2_alt
GL949749.2	chr19_GL949749v2_alt
HSCHR19LRC_LRC_J_CTG3_1	chr19_GL949749v2_alt
NW_003571057.2	chr19_GL949749v2_alt
GL949750.2	chr19_GL949750v2_alt
HSCHR19LRC_LRC_S_CTG3_1	chr19_GL949750v2_alt
NW_003571058.2	chr19_GL949750v2_alt
GL949751.2	chr19_GL949751v2_alt
HSCHR19LRC_LRC_T_CTG3_1	chr19_GL949751v2_alt
NW_003571059.2	chr19_GL949751v2_alt
GL949752.1	chr19_GL949752v1_alt
HSCHR19LRC_PGF1_CTG3_1	chr19_GL949752v1_alt
NW_003571060.1	chr19_GL949752v1_alt
GL949753.2	chr19_GL949753v2_alt
HSCHR19LRC_PGF2_CTG3_1	chr19_GL949753v2_alt
NW_003571061.2	chr19_GL949753v2_alt
HSCHR19_4_CTG2	chr19_KI270865v1_alt
KI270865.1	chr19_KI270865v1_alt
NT_187621.1	chr19_KI270865v1_alt
HSCHR19_2_CTG3_1	chr19_KI270866v1_alt
KI270866.1	chr19_KI270866v1_alt
NT_187619.1	chr19_KI270866v1_alt
HSCHR19_3_CTG3_1	chr19_KI270867v1_alt
KI270867.1	chr19_KI270867v1_alt
NT_187620.1	chr19_KI270867v1_alt
HSCHR19_5_CTG2	chr19_KI270868v1_alt
KI270868.1	chr19_KI270868v1_alt
NT_187622.1	chr19_KI270868v1_alt
HSCHR19KIR_FH15_B_HAP_CTG3_1	chr19_KI270882v1_alt
KI270882.1	chr19_KI270882v1_alt
NT_187636.1	chr19_KI270882v1_alt
HSCHR19KIR_G085_A_HAP_CTG3_1	chr19_KI270883v1_alt
KI270883.1	chr19_KI270883v1_alt
NT_187637.1	chr19_KI270883v1_alt
HSCHR19KIR_G085_BA1_HAP_CTG3_1	chr19_KI270884v1_alt
KI270884.1	chr19_KI270884v1_alt
NT_187638.1	chr19_KI270884v1_alt
HSCHR19KIR_G248_A_HAP_CTG3_1	chr19_KI270885v1_alt
KI270885.1	chr19_KI270885v1_alt
NT_187639.1	chr19_KI270885v1_alt
HSCHR19KIR_G248_BA2_HAP_CTG3_1	chr19_KI270886v1_alt
KI270886.1	chr19_KI270886v1_alt
NT_187640.1	chr19_KI270886v1_alt
HSCHR19KIR_GRC212_AB_HAP_CTG3_1	chr19_KI270887v1_alt
KI270887.1	chr19_KI270887v1_alt
NT_187641.1	chr19_KI270887v1_alt
HSCHR19KIR_GRC212_BA1_HAP_CTG3_1	chr19_KI270888v1_alt
KI270888.1	chr19_KI270888v1_alt
NT_187642.1	chr19_KI270888v1_alt
HSCHR19KIR_LUCE_A_HAP_CTG3_1	chr19_KI270889v1_alt
KI270889.1	chr19_KI270889v1_alt
NT_187643.1	chr19_KI270889v1_alt
HSCHR19KIR_LUCE_BDEL_HAP_CTG3_1	chr19_KI270890v1_alt
KI270890.1	chr19_KI270890v1_alt
NT_187644.1	chr19_KI270890v1_alt
HSCHR19KIR_RSH_A_HAP_CTG3_1	chr19_KI270891v1_alt
KI270891.1	chr19_KI270891v1_alt
NT_187645.1	chr19_KI270891v1_alt
HSCHR19KIR_RSH_BA2_HAP_CTG3_1	chr19_KI270914v1_alt
KI270914.1	chr19_KI270914v1_alt
NT_187668.1	chr19_KI270914v1_alt
HSCHR19KIR_T7526_A_HAP_CTG3_1	chr19_KI270915v1_alt
KI270915.1	chr19_KI270915v1_alt
NT_187669.1	chr19_KI270915v1_alt
HSCHR19KIR_T7526_BDEL_HAP_CTG3_1	chr19_KI270916v1_alt
KI270916.1	chr19_KI270916v1_alt
NT_187670.1	chr19_KI270916v1_alt
HSCHR19KIR_ABC08_A1_HAP_CTG3_1	chr19_KI270917v1_alt
KI270917.1	chr19_KI270917v1_alt
NT_187671.1	chr19_KI270917v1_alt
HSCHR19KIR_ABC08_AB_HAP_C_P_CTG3_1	chr19_KI270918v1_alt
KI270918.1	chr19_KI270918v1_alt
NT_187672.1	chr19_KI270918v1_alt
HSCHR19KIR_ABC08_AB_HAP_T_P_CTG3_1	chr19_KI270919v1_alt
KI270919.1	chr19_KI270919v1_alt
NT_187673.1	chr19_KI270919v1_alt
HSCHR19KIR_FH05_A_HAP_CTG3_1	chr19_KI270920v1_alt
KI270920.1	chr19_KI270920v1_alt
NT_187674.1	chr19_KI270920v1_alt
HSCHR19KIR_FH05_B_HAP_CTG3_1	chr19_KI270921v1_alt
KI270921.1	chr19_KI270921v1_alt
NT_187675.1	chr19_KI270921v1_alt
HSCHR19KIR_FH06_A_HAP_CTG3_1	chr19_KI270922v1_alt
KI270922.1	chr19_KI270922v1_alt
NT_187676.1	chr19_KI270922v1_alt
HSCHR19KIR_FH06_BA1_HAP_CTG3_1	chr19_KI270923v1_alt
KI270923.1	chr19_KI270923v1_alt
NT_187677.1	chr19_KI270923v1_alt
HSCHR19KIR_FH08_A_HAP_CTG3_1	chr19_KI270929v1_alt
KI270929.1	chr19_KI270929v1_alt
NT_187683.1	chr19_KI270929v1_alt
HSCHR19KIR_FH08_BAX_HAP_CTG3_1	chr19_KI270930v1_alt
KI270930.1	chr19_KI270930v1_alt
NT_187684.1	chr19_KI270930v1_alt
HSCHR19KIR_FH13_A_HAP_CTG3_1	chr19_KI270931v1_alt
KI270931.1	chr19_KI270931v1_alt
NT_187685.1	chr19_KI270931v1_alt
HSCHR19KIR_FH13_BA2_HAP_CTG3_1	chr19_KI270932v1_alt
KI270932.1	chr19_KI270932v1_alt
NT_187686.1	chr19_KI270932v1_alt
HSCHR19KIR_FH15_A_HAP_CTG3_1	chr19_KI270933v1_alt
KI270933.1	chr19_KI270933v1_alt
NT_187687.1	chr19_KI270933v1_alt
HSCHR19_4_CTG3_1	chr19_KI270938v1_alt
KI270938.1	chr19_KI270938v1_alt
NT_187693.1	chr19_KI270938v1_alt
HG2021_PATCH	chr19_KN196484v1_fix
KN196484.1	chr19_KN196484v1_fix
NW_009646206.1	chr19_KN196484v1_fix
HG26_PATCH	chr19_KQ458386v1_fix
KQ458386.1	chr19_KQ458386v1_fix
NW_014040929.1	chr19_KQ458386v1_fix
HSCHR19KIR_0019-4656-A_CTG3_1	chr19_KV575246v1_alt
KV575246.1	chr19_KV575246v1_alt
NW_016107300.1	chr19_KV575246v1_alt
HSCHR19KIR_CA01-TA01_1_CTG3_1	chr19_KV575247v1_alt
KV575247.1	chr19_KV575247v1_alt
NW_016107301.1	chr19_KV575247v1_alt
HSCHR19KIR_CA01-TA01_2_CTG3_1	chr19_KV575248v1_alt
KV575248.1	chr19_KV575248v1_alt
NW_016107302.1	chr19_KV575248v1_alt
HSCHR19KIR_CA01-TB04_CTG3_1	chr19_KV575249v1_alt
KV575249.1	chr19_KV575249v1_alt
NW_016107303.1	chr19_KV575249v1_alt
HSCHR19KIR_CA01-TB01_CTG3_1	chr19_KV575250v1_alt
KV575250.1	chr19_KV575250v1_alt
NW_016107304.1	chr19_KV575250v1_alt
HSCHR19KIR_HG2394_CTG3_1	chr19_KV575251v1_alt
KV575251.1	chr19_KV575251v1_alt
NW_016107305.1	chr19_KV575251v1_alt
HSCHR19KIR_502960008-2_CTG3_1	chr19_KV575252v1_alt
KV575252.1	chr19_KV575252v1_alt
NW_016107306.1	chr19_KV575252v1_alt
HSCHR19KIR_502960008-1_CTG3_1	chr19_KV575253v1_alt
KV575253.1	chr19_KV575253v1_alt
NW_016107307.1	chr19_KV575253v1_alt
HSCHR19KIR_0010-5217-AB_CTG3_1	chr19_KV575254v1_alt
KV575254.1	chr19_KV575254v1_alt
NW_016107308.1	chr19_KV575254v1_alt
HSCHR19KIR_7191059-1_CTG3_1	chr19_KV575255v1_alt
KV575255.1	chr19_KV575255v1_alt
NW_016107309.1	chr19_KV575255v1_alt
HSCHR19KIR_0019-4656-B_CTG3_1	chr19_KV575256v1_alt
KV575256.1	chr19_KV575256v1_alt
NW_016107310.1	chr19_KV575256v1_alt
HSCHR19KIR_CA04_CTG3_1	chr19_KV575257v1_alt
KV575257.1	chr19_KV575257v1_alt
NW_016107311.1	chr19_KV575257v1_alt
HSCHR19KIR_HG2393_CTG3_1	chr19_KV575258v1_alt
KV575258.1	chr19_KV575258v1_alt
NW_016107312.1	chr19_KV575258v1_alt
HSCHR19KIR_7191059-2_CTG3_1	chr19_KV575259v1_alt
KV575259.1	chr19_KV575259v1_alt
NW_016107313.1	chr19_KV575259v1_alt
HSCHR19KIR_HG2396_CTG3_1	chr19_KV575260v1_alt
KV575260.1	chr19_KV575260v1_alt
NW_016107314.1	chr19_KV575260v1_alt
HG109_PATCH	chr19_ML143376v1_fix
ML143376.1	chr19_ML143376v1_fix
NW_021160022.1	chr19_ML143376v1_fix
HG2461_PATCH	chr19_MU273384v1_fix
MU273384.1	chr19_MU273384v1_fix
NW_025791807.1	chr19_MU273384v1_fix
HG2569_PATCH	chr19_MU273385v1_fix
MU273385.1	chr19_MU273385v1_fix
NW_025791808.1	chr19_MU273385v1_fix
HG2469_PATCH	chr19_MU273386v1_fix
MU273386.1	chr19_MU273386v1_fix
NW_025791809.1	chr19_MU273386v1_fix
HSCHR19_6_CTG2	chr19_MU273387v1_alt
MU273387.1	chr19_MU273387v1_alt
NW_025791810.1	chr19_MU273387v1_alt
GL383577.2	chr20_GL383577v2_alt
HSCHR20_1_CTG1	chr20_GL383577v2_alt
NW_003315966.2	chr20_GL383577v2_alt
HSCHR20_1_CTG2	chr20_KI270869v1_alt
KI270869.1	chr20_KI270869v1_alt
NT_187623.1	chr20_KI270869v1_alt
HSCHR20_1_CTG3	chr20_KI270870v1_alt
KI270870.1	chr20_KI270870v1_alt
NT_187624.1	chr20_KI270870v1_alt
HSCHR20_1_CTG4	chr20_KI270871v1_alt
KI270871.1	chr20_KI270871v1_alt
NT_187625.1	chr20_KI270871v1_alt
HG2225_PATCH	chr20_MU273388v1_fix
MU273388.1	chr20_MU273388v1_fix
NW_025791811.1	chr20_MU273388v1_fix
HG410_PATCH	chr20_MU273389v1_fix
MU273389.1	chr20_MU273389v1_fix
NW_025791812.1	chr20_MU273389v1_fix
GL383578.2	chr21_GL383578v2_alt
HSCHR21_1_CTG1_1	chr21_GL383578v2_alt
NW_003315967.2	chr21_GL383578v2_alt
GL383579.2	chr21_GL383579v2_alt
HSCHR21_2_CTG1_1	chr21_GL383579v2_alt
NW_003315968.2	chr21_GL383579v2_alt
GL383580.2	chr21_GL383580v2_alt
HSCHR21_3_CTG1_1	chr21_GL383580v2_alt
NW_003315969.2	chr21_GL383580v2_alt
GL383581.2	chr21_GL383581v2_alt
HSCHR21_4_CTG1_1	chr21_GL383581v2_alt
NW_003315970.2	chr21_GL383581v2_alt
HSCHR21_5_CTG2	chr21_KI270872v1_alt
KI270872.1	chr21_KI270872v1_alt
NT_187626.1	chr21_KI270872v1_alt
HSCHR21_6_CTG1_1	chr21_KI270873v1_alt
KI270873.1	chr21_KI270873v1_alt
NT_187627.1	chr21_KI270873v1_alt
HSCHR21_8_CTG1_1	chr21_KI270874v1_alt
KI270874.1	chr21_KI270874v1_alt
NT_187628.1	chr21_KI270874v1_alt
HG2513_PATCH	chr21_ML143377v1_fix
ML143377.1	chr21_ML143377v1_fix
NW_021160023.1	chr21_ML143377v1_fix
HG2219_PATCH	chr21_MU273390v1_fix
MU273390.1	chr21_MU273390v1_fix
NW_025791813.1	chr21_MU273390v1_fix
HG2265_PATCH	chr21_MU273391v1_fix
MU273391.1	chr21_MU273391v1_fix
NW_025791814.1	chr21_MU273391v1_fix
HG2521_PATCH	chr21_MU273392v1_fix
MU273392.1	chr21_MU273392v1_fix
NW_025791815.1	chr21_MU273392v1_fix
GL383582.2	chr22_GL383582v2_alt
HSCHR22_1_CTG1	chr22_GL383582v2_alt
NW_003315971.2	chr22_GL383582v2_alt
GL383583.2	chr22_GL383583v2_alt
HSCHR22_1_CTG2	chr22_GL383583v2_alt
NW_003315972.2	chr22_GL383583v2_alt
HSCHR22_2_CTG1	chr22_KB663609v1_alt
KB663609.1	chr22_KB663609v1_alt
NW_004504305.1	chr22_KB663609v1_alt
HSCHR22_1_CTG3	chr22_KI270875v1_alt
KI270875.1	chr22_KI270875v1_alt
NT_187629.1	chr22_KI270875v1_alt
HSCHR22_1_CTG4	chr22_KI270876v1_alt
KI270876.1	chr22_KI270876v1_alt
NT_187630.1	chr22_KI270876v1_alt
HSCHR22_1_CTG5	chr22_KI270877v1_alt
KI270877.1	chr22_KI270877v1_alt
NT_187631.1	chr22_KI270877v1_alt
HSCHR22_1_CTG6	chr22_KI270878v1_alt
KI270878.1	chr22_KI270878v1_alt
NT_187632.1	chr22_KI270878v1_alt
HSCHR22_1_CTG7	chr22_KI270879v1_alt
KI270879.1	chr22_KI270879v1_alt
NT_187633.1	chr22_KI270879v1_alt
HSCHR22_3_CTG1	chr22_KI270928v1_alt
KI270928.1	chr22_KI270928v1_alt
NT_187682.1	chr22_KI270928v1_alt
HSCHR22_4_CTG1	chr22_KN196485v1_alt
KN196485.1	chr22_KN196485v1_alt
NW_009646207.1	chr22_KN196485v1_alt
HSCHR22_5_CTG1	chr22_KN196486v1_alt
KN196486.1	chr22_KN196486v1_alt
NW_009646208.1	chr22_KN196486v1_alt
HSCHR22_6_CTG1	chr22_KQ458387v1_alt
KQ458387.1	chr22_KQ458387v1_alt
NW_014040930.1	chr22_KQ458387v1_alt
HSCHR22_7_CTG1	chr22_KQ458388v1_alt
KQ458388.1	chr22_KQ458388v1_alt
NW_014040931.1	chr22_KQ458388v1_alt
HSCHR22_8_CTG1	chr22_KQ759761v1_alt
KQ759761.1	chr22_KQ759761v1_alt
NW_015148968.1	chr22_KQ759761v1_alt
HG1311_PATCH	chr22_KQ759762v1_fix
KQ759762.1	chr22_KQ759762v1_fix
NW_015148969.1	chr22_KQ759762v1_fix
HG1311_HG2539_PATCH	chr22_KQ759762v2_fix
KQ759762.2	chr22_KQ759762v2_fix
NW_015148969.2	chr22_KQ759762v2_fix
HG1485_PATCH	chr22_ML143378v1_fix
ML143378.1	chr22_ML143378v1_fix
NW_021160024.1	chr22_ML143378v1_fix
HG494_PATCH	chr22_ML143379v1_fix
ML143379.1	chr22_ML143379v1_fix
NW_021160025.1	chr22_ML143379v1_fix
HG2512_PATCH	chr22_ML143380v1_fix
ML143380.1	chr22_ML143380v1_fix
NW_021160026.1	chr22_ML143380v1_fix
HSCHR22_UNLOCALIZED_CTG1	chr22_KI270731v1_random
KI270731.1	chr22_KI270731v1_random
NT_187386.1	chr22_KI270731v1_random
HSCHR22_UNLOCALIZED_CTG2	chr22_KI270732v1_random
KI270732.1	chr22_KI270732v1_random
NT_187387.1	chr22_KI270732v1_random
HSCHR22_UNLOCALIZED_CTG3	chr22_KI270733v1_random
KI270733.1	chr22_KI270733v1_random
NT_187388.1	chr22_KI270733v1_random
HSCHR22_UNLOCALIZED_CTG4	chr22_KI270734v1_random
KI270734.1	chr22_KI270734v1_random
HSCHR22_UNLOCALIZED_CTG5	chr22_KI270735v1_random
KI270735.1	chr22_KI270735v1_random
NT_187390.1	chr22_KI270735v1_random
HSCHR22_UNLOCALIZED_CTG6	chr22_KI270736v1_random
KI270736.1	chr22_KI270736v1_random
NT_187391.1	chr22_KI270736v1_random
HSCHR22_UNLOCALIZED_CTG7	chr22_KI270737v1_random
KI270737.1	chr22_KI270737v1_random
NT_187392.1	chr22_KI270737v1_random
HSCHR22_UNLOCALIZED_CTG8	chr22_KI270738v1_random
KI270738.1	chr22_KI270738v1_random
NT_187393.1	chr22_KI270738v1_random
HSCHR22_UNLOCALIZED_CTG9	chr22_KI270739v1_random
KI270739.1	chr22_KI270739v1_random
NT_187394.1	chr22_KI270739v1_random
HSCHRX_1_CTG3	chrX_KI270880v1_alt
KI270880.1	chrX_KI270880v1_alt
NT_187634.1	chrX_KI270880v1_alt
HSCHRX_2_CTG12	chrX_KI270881v1_alt
KI270881.1	chrX_KI270881v1_alt
NT_187635.1	chrX_KI270881v1_alt
HSCHRX_2_CTG3	chrX_KI270913v1_alt
KI270913.1	chrX_KI270913v1_alt
NT_187667.1	chrX_KI270913v1_alt
HSCHRX_3_CTG7	chrX_KV766199v1_alt
KV766199.1	chrX_KV766199v1_alt
NW_017363820.1	chrX_KV766199v1_alt
HG439_PATCH	chrX_ML143381v1_fix
ML143381.1	chrX_ML143381v1_fix
NW_021160027.1	chrX_ML143381v1_fix
HG1506_PATCH	chrX_ML143382v1_fix
ML143382.1	chrX_ML143382v1_fix
NW_021160028.1	chrX_ML143382v1_fix
HG1507_PATCH	chrX_ML143383v1_fix
ML143383.1	chrX_ML143383v1_fix
NW_021160029.1	chrX_ML143383v1_fix
HG1509_PATCH	chrX_ML143384v1_fix
ML143384.1	chrX_ML143384v1_fix
NW_021160030.1	chrX_ML143384v1_fix
HG1466_PATCH	chrX_ML143385v1_fix
ML143385.1	chrX_ML143385v1_fix
NW_021160031.1	chrX_ML143385v1_fix
HG2527_PATCH	chrX_MU273393v1_fix
MU273393.1	chrX_MU273393v1_fix
NW_025791816.1	chrX_MU273393v1_fix
HG2541_PATCH	chrX_MU273394v1_fix
MU273394.1	chrX_MU273394v1_fix
NW_025791817.1	chrX_MU273394v1_fix
HSCHRX_1_CTG14	chrX_MU273395v1_alt
MU273395.1	chrX_MU273395v1_alt
NW_025791818.1	chrX_MU273395v1_alt
HSCHRX_2_CTG14	chrX_MU273396v1_alt
MU273396.1	chrX_MU273396v1_alt
NW_025791819.1	chrX_MU273396v1_alt
HSCHRX_3_CTG3	chrX_MU273397v1_alt
MU273397.1	chrX_MU273397v1_alt
NW_025791820.1	chrX_MU273397v1_alt
HSCHRY_RANDOM_CTG1	chrY_KI270740v1_random
KI270740.1	chrY_KI270740v1_random
NT_187395.1	chrY_KI270740v1_random
HG2062_PATCH	chrY_KN196487v1_fix
KN196487.1	chrY_KN196487v1_fix
NW_009646209.1	chrY_KN196487v1_fix
HG1531_PATCH	chrY_KZ208923v1_fix
KZ208923.1	chrY_KZ208923v1_fix
NW_018654725.1	chrY_KZ208923v1_fix
HG1535_PATCH	chrY_KZ208924v1_fix
KZ208924.1	chrY_KZ208924v1_fix
NW_018654726.1	chrY_KZ208924v1_fix
HG1532_PATCH	chrY_MU273398v1_fix
MU273398.1	chrY_MU273398v1_fix
NW_025791821.1	chrY_MU273398v1_fix
GL000195.1	chrUn_GL000195v1
HSCHRUN_RANDOM_CTG1	chrUn_GL000195v1
NT_113901.1	chrUn_GL000195v1
GL000213.1	chrUn_GL000213v1
HSCHRUN_RANDOM_CTG2	chrUn_GL000213v1
NT_167208.1	chrUn_GL000213v1
GL000214.1	chrUn_GL000214v1
HSCHRUN_RANDOM_CTG4	chrUn_GL000214v1
NT_167209.1	chrUn_GL000214v1
GL000216.2	chrUn_GL000216v2
HSCHRUN_RANDOM_CTG6	chrUn_GL000216v2
NT_167211.2	chrUn_GL000216v2
GL000218.1	chrUn_GL000218v1
HSCHRUN_RANDOM_CTG9	chrUn_GL000218v1
NT_113889.1	chrUn_GL000218v1
GL000219.1	chrUn_GL000219v1
HSCHRUN_RANDOM_CTG10	chrUn_GL000219v1
NT_167213.1	chrUn_GL000219v1
GL000220.1	chrUn_GL000220v1
HSCHRUN_RANDOM_CTG11	chrUn_GL000220v1
NT_167214.1	chrUn_GL000220v1
GL000224.1	chrUn_GL000224v1
HSCHRUN_RANDOM_CTG16	chrUn_GL000224v1
NT_167218.1	chrUn_GL000224v1
GL000226.1	chrUn_GL000226v1
HSCHRUN_RANDOM_CTG19	chrUn_GL000226v1
NT_167220.1	chrUn_GL000226v1
HSCHRUN_RANDOM_100	chrUn_KI270302v1
KI270302.1	chrUn_KI270302v1
NT_187396.1	chrUn_KI270302v1
HSCHRUN_RANDOM_102	chrUn_KI270303v1
KI270303.1	chrUn_KI270303v1
NT_187398.1	chrUn_KI270303v1
HSCHRUN_RANDOM_101	chrUn_KI270304v1
KI270304.1	chrUn_KI270304v1
NT_187397.1	chrUn_KI270304v1
HSCHRUN_RANDOM_103	chrUn_KI270305v1
KI270305.1	chrUn_KI270305v1
NT_187399.1	chrUn_KI270305v1
HSCHRUN_RANDOM_106	chrUn_KI270310v1
KI270310.1	chrUn_KI270310v1
NT_187402.1	chrUn_KI270310v1
HSCHRUN_RANDOM_110	chrUn_KI270311v1
KI270311.1	chrUn_KI270311v1
NT_187406.1	chrUn_KI270311v1
HSCHRUN_RANDOM_109	chrUn_KI270312v1
KI270312.1	chrUn_KI270312v1
NT_187405.1	chrUn_KI270312v1
HSCHRUN_RANDOM_108	chrUn_KI270315v1
KI270315.1	chrUn_KI270315v1
NT_187404.1	chrUn_KI270315v1
HSCHRUN_RANDOM_107	chrUn_KI270316v1
KI270316.1	chrUn_KI270316v1
NT_187403.1	chrUn_KI270316v1
HSCHRUN_RANDOM_111	chrUn_KI270317v1
KI270317.1	chrUn_KI270317v1
NT_187407.1	chrUn_KI270317v1
HSCHRUN_RANDOM_105	chrUn_KI270320v1
KI270320.1	chrUn_KI270320v1
NT_187401.1	chrUn_KI270320v1
HSCHRUN_RANDOM_104	chrUn_KI270322v1
KI270322.1	chrUn_KI270322v1
NT_187400.1	chrUn_KI270322v1
HSCHRUN_RANDOM_167	chrUn_KI270329v1
KI270329.1	chrUn_KI270329v1
NT_187459.1	chrUn_KI270329v1
HSCHRUN_RANDOM_166	chrUn_KI270330v1
KI270330.1	chrUn_KI270330v1
NT_187458.1	chrUn_KI270330v1
HSCHRUN_RANDOM_169	chrUn_KI270333v1
KI270333.1	chrUn_KI270333v1
NT_187461.1	chrUn_KI270333v1
HSCHRUN_RANDOM_168	chrUn_KI270334v1
KI270334.1	chrUn_KI270334v1
NT_187460.1	chrUn_KI270334v1
HSCHRUN_RANDOM_170	chrUn_KI270335v1
KI270335.1	chrUn_KI270335v1
NT_187462.1	chrUn_KI270335v1
HSCHRUN_RANDOM_173	chrUn_KI270336v1
KI270336.1	chrUn_KI270336v1
NT_187465.1	chrUn_KI270336v1
HSCHRUN_RANDOM_174	chrUn_KI270337v1
KI270337.1	chrUn_KI270337v1
NT_187466.1	chrUn_KI270337v1
HSCHRUN_RANDOM_171	chrUn_KI270338v1
KI270338.1	chrUn_KI270338v1
NT_187463.1	chrUn_KI270338v1
HSCHRUN_RANDOM_172	chrUn_KI270340v1
KI270340.1	chrUn_KI270340v1
NT_187464.1	chrUn_KI270340v1
HSCHRUN_RANDOM_177	chrUn_KI270362v1
KI270362.1	chrUn_KI270362v1
NT_187469.1	chrUn_KI270362v1
HSCHRUN_RANDOM_175	chrUn_KI270363v1
KI270363.1	chrUn_KI270363v1
NT_187467.1	chrUn_KI270363v1
HSCHRUN_RANDOM_176	chrUn_KI270364v1
KI270364.1	chrUn_KI270364v1
NT_187468.1	chrUn_KI270364v1
HSCHRUN_RANDOM_178	chrUn_KI270366v1
KI270366.1	chrUn_KI270366v1
NT_187470.1	chrUn_KI270366v1
HSCHRUN_RANDOM_202	chrUn_KI270371v1
KI270371.1	chrUn_KI270371v1
NT_187494.1	chrUn_KI270371v1
HSCHRUN_RANDOM_199	chrUn_KI270372v1
KI270372.1	chrUn_KI270372v1
NT_187491.1	chrUn_KI270372v1
HSCHRUN_RANDOM_200	chrUn_KI270373v1
KI270373.1	chrUn_KI270373v1
NT_187492.1	chrUn_KI270373v1
HSCHRUN_RANDOM_198	chrUn_KI270374v1
KI270374.1	chrUn_KI270374v1
NT_187490.1	chrUn_KI270374v1
HSCHRUN_RANDOM_201	chrUn_KI270375v1
KI270375.1	chrUn_KI270375v1
NT_187493.1	chrUn_KI270375v1
HSCHRUN_RANDOM_197	chrUn_KI270376v1
KI270376.1	chrUn_KI270376v1
NT_187489.1	chrUn_KI270376v1
HSCHRUN_RANDOM_179	chrUn_KI270378v1
KI270378.1	chrUn_KI270378v1
NT_187471.1	chrUn_KI270378v1
HSCHRUN_RANDOM_180	chrUn_KI270379v1
KI270379.1	chrUn_KI270379v1
NT_187472.1	chrUn_KI270379v1
HSCHRUN_RANDOM_194	chrUn_KI270381v1
KI270381.1	chrUn_KI270381v1
NT_187486.1	chrUn_KI270381v1
HSCHRUN_RANDOM_196	chrUn_KI270382v1
KI270382.1	chrUn_KI270382v1
NT_187488.1	chrUn_KI270382v1
HSCHRUN_RANDOM_190	chrUn_KI270383v1
KI270383.1	chrUn_KI270383v1
NT_187482.1	chrUn_KI270383v1
HSCHRUN_RANDOM_192	chrUn_KI270384v1
KI270384.1	chrUn_KI270384v1
NT_187484.1	chrUn_KI270384v1
HSCHRUN_RANDOM_195	chrUn_KI270385v1
KI270385.1	chrUn_KI270385v1
NT_187487.1	chrUn_KI270385v1
HSCHRUN_RANDOM_188	chrUn_KI270386v1
KI270386.1	chrUn_KI270386v1
NT_187480.1	chrUn_KI270386v1
HSCHRUN_RANDOM_183	chrUn_KI270387v1
KI270387.1	chrUn_KI270387v1
NT_187475.1	chrUn_KI270387v1
HSCHRUN_RANDOM_186	chrUn_KI270388v1
KI270388.1	chrUn_KI270388v1
NT_187478.1	chrUn_KI270388v1
HSCHRUN_RANDOM_181	chrUn_KI270389v1
KI270389.1	chrUn_KI270389v1
NT_187473.1	chrUn_KI270389v1
HSCHRUN_RANDOM_182	chrUn_KI270390v1
KI270390.1	chrUn_KI270390v1
NT_187474.1	chrUn_KI270390v1
HSCHRUN_RANDOM_189	chrUn_KI270391v1
KI270391.1	chrUn_KI270391v1
NT_187481.1	chrUn_KI270391v1
HSCHRUN_RANDOM_193	chrUn_KI270392v1
KI270392.1	chrUn_KI270392v1
NT_187485.1	chrUn_KI270392v1
HSCHRUN_RANDOM_191	chrUn_KI270393v1
KI270393.1	chrUn_KI270393v1
NT_187483.1	chrUn_KI270393v1
HSCHRUN_RANDOM_187	chrUn_KI270394v1
KI270394.1	chrUn_KI270394v1
NT_187479.1	chrUn_KI270394v1
HSCHRUN_RANDOM_184	chrUn_KI270395v1
KI270395.1	chrUn_KI270395v1
NT_187476.1	chrUn_KI270395v1
HSCHRUN_RANDOM_185	chrUn_KI270396v1
KI270396.1	chrUn_KI270396v1
NT_187477.1	chrUn_KI270396v1
HSCHRUN_RANDOM_113	chrUn_KI270411v1
KI270411.1	chrUn_KI270411v1
NT_187409.1	chrUn_KI270411v1
HSCHRUN_RANDOM_112	chrUn_KI270412v1
KI270412.1	chrUn_KI270412v1
NT_187408.1	chrUn_KI270412v1
HSCHRUN_RANDOM_114	chrUn_KI270414v1
KI270414.1	chrUn_KI270414v1
NT_187410.1	chrUn_KI270414v1
HSCHRUN_RANDOM_119	chrUn_KI270417v1
KI270417.1	chrUn_KI270417v1
NT_187415.1	chrUn_KI270417v1
HSCHRUN_RANDOM_116	chrUn_KI270418v1
KI270418.1	chrUn_KI270418v1
NT_187412.1	chrUn_KI270418v1
HSCHRUN_RANDOM_115	chrUn_KI270419v1
KI270419.1	chrUn_KI270419v1
NT_187411.1	chrUn_KI270419v1
HSCHRUN_RANDOM_117	chrUn_KI270420v1
KI270420.1	chrUn_KI270420v1
NT_187413.1	chrUn_KI270420v1
HSCHRUN_RANDOM_120	chrUn_KI270422v1
KI270422.1	chrUn_KI270422v1
NT_187416.1	chrUn_KI270422v1
HSCHRUN_RANDOM_121	chrUn_KI270423v1
KI270423.1	chrUn_KI270423v1
NT_187417.1	chrUn_KI270423v1
HSCHRUN_RANDOM_118	chrUn_KI270424v1
KI270424.1	chrUn_KI270424v1
NT_187414.1	chrUn_KI270424v1
HSCHRUN_RANDOM_122	chrUn_KI270425v1
KI270425.1	chrUn_KI270425v1
NT_187418.1	chrUn_KI270425v1
HSCHRUN_RANDOM_123	chrUn_KI270429v1
KI270429.1	chrUn_KI270429v1
NT_187419.1	chrUn_KI270429v1
HSCHRUN_RANDOM_128	chrUn_KI270435v1
KI270435.1	chrUn_KI270435v1
NT_187424.1	chrUn_KI270435v1
HSCHRUN_RANDOM_129	chrUn_KI270438v1
KI270438.1	chrUn_KI270438v1
NT_187425.1	chrUn_KI270438v1
HSCHRUN_RANDOM_124	chrUn_KI270442v1
KI270442.1	chrUn_KI270442v1
NT_187420.1	chrUn_KI270442v1
HSCHRUN_RANDOM_203	chrUn_KI270448v1
KI270448.1	chrUn_KI270448v1
NT_187495.1	chrUn_KI270448v1
HSCHRUN_RANDOM_126	chrUn_KI270465v1
KI270465.1	chrUn_KI270465v1
NT_187422.1	chrUn_KI270465v1
HSCHRUN_RANDOM_125	chrUn_KI270466v1
KI270466.1	chrUn_KI270466v1
NT_187421.1	chrUn_KI270466v1
HSCHRUN_RANDOM_127	chrUn_KI270467v1
KI270467.1	chrUn_KI270467v1
NT_187423.1	chrUn_KI270467v1
HSCHRUN_RANDOM_130	chrUn_KI270468v1
KI270468.1	chrUn_KI270468v1
NT_187426.1	chrUn_KI270468v1
HSCHRUN_RANDOM_141	chrUn_KI270507v1
KI270507.1	chrUn_KI270507v1
NT_187437.1	chrUn_KI270507v1
HSCHRUN_RANDOM_134	chrUn_KI270508v1
KI270508.1	chrUn_KI270508v1
NT_187430.1	chrUn_KI270508v1
HSCHRUN_RANDOM_132	chrUn_KI270509v1
KI270509.1	chrUn_KI270509v1
NT_187428.1	chrUn_KI270509v1
HSCHRUN_RANDOM_131	chrUn_KI270510v1
KI270510.1	chrUn_KI270510v1
NT_187427.1	chrUn_KI270510v1
HSCHRUN_RANDOM_139	chrUn_KI270511v1
KI270511.1	chrUn_KI270511v1
NT_187435.1	chrUn_KI270511v1
HSCHRUN_RANDOM_136	chrUn_KI270512v1
KI270512.1	chrUn_KI270512v1
NT_187432.1	chrUn_KI270512v1
HSCHRUN_RANDOM_140	chrUn_KI270515v1
KI270515.1	chrUn_KI270515v1
NT_187436.1	chrUn_KI270515v1
HSCHRUN_RANDOM_135	chrUn_KI270516v1
KI270516.1	chrUn_KI270516v1
NT_187431.1	chrUn_KI270516v1
HSCHRUN_RANDOM_142	chrUn_KI270517v1
KI270517.1	chrUn_KI270517v1
NT_187438.1	chrUn_KI270517v1
HSCHRUN_RANDOM_133	chrUn_KI270518v1
KI270518.1	chrUn_KI270518v1
NT_187429.1	chrUn_KI270518v1
HSCHRUN_RANDOM_137	chrUn_KI270519v1
KI270519.1	chrUn_KI270519v1
NT_187433.1	chrUn_KI270519v1
HSCHRUN_RANDOM_204	chrUn_KI270521v1
KI270521.1	chrUn_KI270521v1
NT_187496.1	chrUn_KI270521v1
HSCHRUN_RANDOM_138	chrUn_KI270522v1
KI270522.1	chrUn_KI270522v1
NT_187434.1	chrUn_KI270522v1
HSCHRUN_RANDOM_144	chrUn_KI270528v1
KI270528.1	chrUn_KI270528v1
NT_187440.1	chrUn_KI270528v1
HSCHRUN_RANDOM_143	chrUn_KI270529v1
KI270529.1	chrUn_KI270529v1
NT_187439.1	chrUn_KI270529v1
HSCHRUN_RANDOM_145	chrUn_KI270530v1
KI270530.1	chrUn_KI270530v1
NT_187441.1	chrUn_KI270530v1
HSCHRUN_RANDOM_147	chrUn_KI270538v1
KI270538.1	chrUn_KI270538v1
NT_187443.1	chrUn_KI270538v1
HSCHRUN_RANDOM_146	chrUn_KI270539v1
KI270539.1	chrUn_KI270539v1
NT_187442.1	chrUn_KI270539v1
HSCHRUN_RANDOM_148	chrUn_KI270544v1
KI270544.1	chrUn_KI270544v1
NT_187444.1	chrUn_KI270544v1
HSCHRUN_RANDOM_149	chrUn_KI270548v1
KI270548.1	chrUn_KI270548v1
NT_187445.1	chrUn_KI270548v1
HSCHRUN_RANDOM_158	chrUn_KI270579v1
KI270579.1	chrUn_KI270579v1
NT_187450.1	chrUn_KI270579v1
HSCHRUN_RANDOM_156	chrUn_KI270580v1
KI270580.1	chrUn_KI270580v1
NT_187448.1	chrUn_KI270580v1
HSCHRUN_RANDOM_157	chrUn_KI270581v1
KI270581.1	chrUn_KI270581v1
NT_187449.1	chrUn_KI270581v1
HSCHRUN_RANDOM_162	chrUn_KI270582v1
KI270582.1	chrUn_KI270582v1
NT_187454.1	chrUn_KI270582v1
HSCHRUN_RANDOM_154	chrUn_KI270583v1
KI270583.1	chrUn_KI270583v1
NT_187446.1	chrUn_KI270583v1
HSCHRUN_RANDOM_161	chrUn_KI270584v1
KI270584.1	chrUn_KI270584v1
NT_187453.1	chrUn_KI270584v1
HSCHRUN_RANDOM_155	chrUn_KI270587v1
KI270587.1	chrUn_KI270587v1
NT_187447.1	chrUn_KI270587v1
HSCHRUN_RANDOM_163	chrUn_KI270588v1
KI270588.1	chrUn_KI270588v1
NT_187455.1	chrUn_KI270588v1
HSCHRUN_RANDOM_159	chrUn_KI270589v1
KI270589.1	chrUn_KI270589v1
NT_187451.1	chrUn_KI270589v1
HSCHRUN_RANDOM_160	chrUn_KI270590v1
KI270590.1	chrUn_KI270590v1
NT_187452.1	chrUn_KI270590v1
HSCHRUN_RANDOM_165	chrUn_KI270591v1
KI270591.1	chrUn_KI270591v1
NT_187457.1	chrUn_KI270591v1
HSCHRUN_RANDOM_164	chrUn_KI270593v1
KI270593.1	chrUn_KI270593v1
NT_187456.1	chrUn_KI270593v1
HSCHRUN_RANDOM_CTG17	chrUn_KI270741v1
KI270741.1	chrUn_KI270741v1
NT_187497.1	chrUn_KI270741v1
HSCHRUN_RANDOM_CTG42	chrUn_KI270742v1
KI270742.1	chrUn_KI270742v1
NT_187513.1	chrUn_KI270742v1
HSCHRUN_RANDOM_CTG20	chrUn_KI270743v1
KI270743.1	chrUn_KI270743v1
NT_187498.1	chrUn_KI270743v1
HSCHRUN_RANDOM_CTG21	chrUn_KI270744v1
KI270744.1	chrUn_KI270744v1
NT_187499.1	chrUn_KI270744v1
HSCHRUN_RANDOM_CTG22	chrUn_KI270745v1
KI270745.1	chrUn_KI270745v1
NT_187500.1	chrUn_KI270745v1
HSCHRUN_RANDOM_CTG23	chrUn_KI270746v1
KI270746.1	chrUn_KI270746v1
NT_187501.1	chrUn_KI270746v1
HSCHRUN_RANDOM_CTG24	chrUn_KI270747v1
KI270747.1	chrUn_KI270747v1
NT_187502.1	chrUn_KI270747v1
HSCHRUN_RANDOM_CTG25	chrUn_KI270748v1
KI270748.1	chrUn_KI270748v1
NT_187503.1	chrUn_KI270748v1
HSCHRUN_RANDOM_CTG26	chrUn_KI270749v1
KI270749.1	chrUn_KI270749v1
NT_187504.1	chrUn_KI270749v1
HSCHRUN_RANDOM_CTG27	chrUn_KI270750v1
KI270750.1	chrUn_KI270750v1
NT_187505.1	chrUn_KI270750v1
HSCHRUN_RANDOM_CTG28	chrUn_KI270751v1
KI270751.1	chrUn_KI270751v1
NT_187506.1	chrUn_KI270751v1
HSCHRUN_RANDOM_CTG29	chrUn_KI270752v1
KI270752.1	chrUn_KI270752v1
HSCHRUN_RANDOM_CTG30	chrUn_KI270753v1
KI270753.1	chrUn_KI270753v1
NT_187508.1	chrUn_KI270753v1
HSCHRUN_RANDOM_CTG33	chrUn_KI270754v1
KI270754.1	chrUn_KI270754v1
NT_187509.1	chrUn_KI270754v1
HSCHRUN_RANDOM_CTG34	chrUn_KI270755v1
KI270755.1	chrUn_KI270755v1
NT_187510.1	chrUn_KI270755v1
HSCHRUN_RANDOM_CTG35	chrUn_KI270756v1
KI270756.1	chrUn_KI270756v1
NT_187511.1	chrUn_KI270756v1
HSCHRUN_RANDOM_CTG36	chrUn_KI270757v1
KI270757.1	chrUn_KI270757v1
NT_187512.1	chrUn_KI270757v1
